customer_id,credit_card_default
104993,0
135019,0
151112,0
105261,0
115645,1
155055,1
111957,0
101744,0
140974,0
147933,0
162861,0
131703,0
116387,0
147856,0
144546,0
121352,0
164205,0
119599,0
135034,0
125776,0
150830,0
109828,0
100731,0
155121,0
122802,0
125245,0
102373,0
124725,0
133284,0
133782,0
103730,0
152213,0
107615,0
131901,0
111984,0
145445,1
162875,0
139802,0
107387,0
116602,0
110610,0
134432,0
154452,0
163043,0
100710,0
133910,0
163203,0
136350,0
102978,0
126560,0
134111,0
150165,0
139329,0
116122,0
101358,0
101342,0
156676,0
152224,0
149559,0
120373,0
144079,0
163905,0
151398,0
118662,0
118919,0
100220,0
105416,0
155804,0
127873,0
113468,0
120521,0
104722,0
130870,0
165941,0
139810,1
159523,0
155320,0
162874,0
120660,0
112178,0
162432,0
131534,0
143569,0
135472,0
158670,0
128145,1
113768,1
108794,0
142866,0
160955,0
157606,0
133813,0
125129,0
136095,0
153853,0
137121,0
151768,0
145312,0
114149,0
119375,0
107112,0
160704,0
138641,0
115205,0
155475,1
156204,0
109916,0
134610,0
136080,0
135863,0
102058,0
148633,0
129922,0
160525,0
121603,0
165690,0
118725,0
151007,0
147525,0
145594,0
156211,0
118189,0
113221,0
102268,0
152205,0
124567,0
130787,0
157383,0
130942,0
121871,1
116590,0
103301,0
105521,0
126008,0
119565,0
114608,0
135310,0
100912,0
122280,0
140916,0
111885,0
154695,0
121780,0
135544,0
103690,0
120745,0
154084,0
145273,0
149459,0
150507,0
113556,1
157436,1
107923,0
156387,1
125020,0
140607,0
145180,0
112816,0
107466,0
136394,0
103519,0
153187,0
155863,0
116083,1
100368,0
145922,0
129414,0
143483,0
150356,1
142088,0
155257,0
102358,0
104903,0
108256,0
155021,0
136868,0
115100,0
108086,0
100097,0
151906,0
124731,0
135179,0
113189,0
126610,0
158427,0
162249,0
127004,1
109758,1
149474,0
159084,0
158947,0
157555,0
146301,0
120344,1
108026,0
132558,0
106593,0
159470,0
104837,0
110957,0
134311,0
113342,0
149901,0
147327,0
103698,1
125571,0
109077,0
143565,0
162153,0
114649,0
158319,0
124211,0
144025,0
164790,0
119059,0
131531,0
135089,0
129787,0
137398,0
114671,1
110675,0
113445,0
149687,0
137922,0
156840,0
152604,0
128224,0
100940,0
111581,0
132294,0
157022,0
146909,0
162647,0
123687,0
132027,0
118352,0
113178,0
150999,0
104827,1
139871,0
142331,0
161688,0
128713,0
122471,0
136278,1
133349,0
153691,0
151078,0
125682,0
113752,0
135555,0
165504,1
109915,1
100536,0
153931,0
146320,0
161664,0
139575,0
103375,0
113149,0
160165,0
151592,0
160880,0
135727,0
113121,0
108179,0
129730,1
158181,1
147320,0
158304,0
109248,0
107455,0
160170,0
126288,0
128043,0
165729,0
149397,0
137799,0
114345,1
123653,0
133792,1
151601,0
112789,0
119032,0
127006,0
143852,0
136523,0
153217,0
112752,0
108477,0
150598,0
165594,1
143746,0
127001,0
138568,0
128989,1
144233,0
140458,0
111589,0
120851,0
131001,0
136970,0
146904,0
117339,1
118385,1
136402,0
124020,0
155971,0
151887,0
113100,0
102781,0
126919,0
140650,0
114646,0
118333,0
126197,0
145592,0
102371,0
146018,0
137929,0
118961,0
113398,0
134179,0
134946,0
134611,0
153640,0
110778,0
103779,0
118495,0
101932,0
156390,0
131180,0
122576,0
136334,0
153035,0
150860,1
130579,0
113026,1
163250,0
111740,0
102179,0
146266,0
128454,0
146324,0
129737,0
132457,0
153028,0
101241,0
109636,0
115297,0
148565,0
149903,0
142832,0
106406,0
138379,0
144545,0
138879,0
140893,0
136386,0
151513,1
140107,0
161971,0
123246,1
153878,0
123414,0
101536,0
145740,0
160887,0
130443,0
108936,0
158443,0
117650,0
117973,0
143287,0
108525,0
146782,0
119958,0
162193,0
128362,0
130088,1
132426,0
124358,0
103419,0
113328,0
125464,0
132010,0
113687,0
162709,0
154773,0
104587,0
120624,0
118190,0
138508,0
111003,0
101589,0
114272,0
137188,0
144571,0
104006,1
162084,0
161372,0
145839,0
107338,0
145478,0
113613,0
139165,0
110427,0
161671,0
164252,0
101165,1
131466,0
141247,0
133141,0
116163,0
105093,0
111047,0
103079,0
161166,0
165234,0
106599,0
165894,0
121761,0
138012,0
141682,0
121475,0
142816,0
147324,0
160877,0
147066,0
116833,0
105790,0
135977,0
159656,0
143563,0
142812,0
139467,0
146927,0
138045,0
134801,0
100817,0
102795,1
126095,0
127649,0
123590,0
133872,0
165173,0
133829,0
118713,0
157904,0
147619,0
136269,0
154988,0
135814,0
127789,0
159755,0
162736,0
137923,0
118090,0
154251,0
160005,0
111479,1
158990,0
124639,0
135446,0
125304,0
143267,0
159801,0
124226,0
145159,0
133068,0
102777,0
134120,0
149593,0
161302,0
155860,0
132499,0
158591,0
106374,0
151256,0
122927,0
140592,0
165750,0
142729,0
111766,1
146003,0
149133,0
116736,0
145200,1
108395,0
117876,0
121346,0
159120,0
124700,0
135349,0
135644,0
148492,0
154515,0
149993,0
122246,0
127234,0
133665,0
100895,0
111785,0
148301,0
138852,0
102455,0
123064,0
163720,0
122204,0
116357,0
138656,1
131554,0
141755,0
135969,1
119536,0
115664,1
101533,0
120505,1
123467,0
149460,0
115222,0
159670,0
126953,0
117618,0
118187,1
112087,0
146415,0
137328,0
109449,0
109013,0
137876,0
165429,0
158784,0
101387,0
130253,0
139779,0
137790,0
116798,0
126608,0
105235,0
113816,0
137460,0
148988,0
106544,1
150306,0
165126,0
119781,0
122692,0
161217,0
149681,0
129275,0
111528,0
111381,0
131374,0
160814,0
152979,1
124369,0
150761,0
105010,0
161579,1
115000,0
110253,0
125502,0
118487,1
110458,0
127736,0
137610,0
134282,0
116216,0
138810,0
165450,0
151050,0
165287,0
114395,0
110455,0
111539,0
165417,0
109560,0
104525,0
136987,1
128030,0
143498,0
139764,0
143113,1
139667,0
131115,0
107770,0
132492,0
147412,0
121138,0
132144,0
156327,0
141771,0
109647,0
154538,0
158219,0
160016,0
111961,0
134557,0
150404,0
137310,0
144195,0
113309,0
139250,1
118165,0
142576,0
131663,0
155474,0
105384,0
105519,0
122543,0
143591,0
136499,0
107095,0
108913,0
100837,0
141726,0
105713,1
123956,0
131975,0
120728,1
127829,0
114220,0
132865,0
110305,0
159336,0
120601,0
154054,0
150926,0
104843,0
155035,0
115546,0
121807,1
129324,0
155037,0
142718,1
161103,0
131792,0
119623,0
105770,0
147779,0
134632,0
137717,0
104844,1
134067,0
119502,0
144706,0
133148,0
129452,0
139333,0
152837,0
160859,0
135620,0
142817,0
118975,0
112729,0
103332,0
149706,0
157921,0
156112,1
155940,0
157388,1
156620,0
123733,0
122668,0
137575,0
112730,0
118597,0
153946,0
129905,0
118824,1
130742,0
151448,0
155433,0
104142,0
125953,0
134090,0
118128,0
130796,1
124699,0
150566,0
146764,0
120047,0
136877,0
147872,0
137818,0
119867,0
143199,0
129979,0
129655,0
100462,0
163444,0
126551,0
144521,0
107579,0
130989,0
145598,0
135045,0
118047,0
163812,0
109521,0
122500,0
116810,0
102239,0
120486,0
130576,0
135354,1
145564,1
160157,0
162946,0
163680,0
115180,0
148839,0
108403,0
165709,0
159678,0
135984,0
108496,0
137376,0
107543,0
115648,0
164296,0
132798,0
110600,0
139196,0
161491,1
112747,0
147631,0
150533,0
105825,0
124207,0
153762,0
159999,0
138441,0
163747,0
118556,0
142141,0
132524,0
142007,0
140077,0
128230,0
146776,0
138017,1
116318,0
141139,0
109540,0
104307,0
158496,0
111072,0
144474,0
114049,0
135931,0
128305,0
130332,0
127165,1
108869,0
141719,1
142322,0
158585,1
112061,0
139889,0
139618,0
120202,0
125357,0
114579,0
107047,0
160855,0
100310,0
117609,0
127437,0
121590,0
118099,1
158666,0
158943,0
138403,0
151590,0
136423,0
126725,0
131159,0
104259,0
106371,0
155216,0
161137,0
101739,0
158871,0
142995,0
152027,0
147213,0
158323,0
132672,0
103933,0
100317,0
149220,0
147769,0
151150,0
114805,0
151227,0
138346,0
126569,0
111710,0
131720,0
126907,0
150813,0
102357,0
144303,0
158278,0
146974,0
127264,0
144795,0
120531,0
118661,0
146659,0
152042,0
158018,0
144162,0
147818,0
128307,0
114126,0
132502,0
144853,0
165770,0
117215,0
160121,0
108006,0
139266,0
142629,0
160826,0
116779,0
163555,0
119849,0
122709,0
109137,0
154366,0
115418,0
115996,0
147629,0
147165,1
121518,0
113673,0
110198,0
145621,0
141453,1
119673,0
159362,0
122383,0
158688,0
146883,0
161836,0
165794,0
116203,0
128103,0
125805,0
163638,0
140470,0
156212,1
154426,1
103692,0
115011,1
158094,0
162371,0
156352,0
148872,0
108245,0
156117,0
109997,0
143093,0
145197,0
134596,0
131258,0
126115,0
141337,0
106125,0
146661,0
132925,0
139276,0
162676,0
159462,0
121050,0
112140,0
114375,0
156299,0
153301,0
137973,0
104895,0
130597,0
108303,0
134714,0
161290,0
125921,0
149813,0
152375,0
133182,0
156645,0
148902,1
105564,0
149208,1
123949,0
154456,1
165390,0
114867,0
163673,0
104317,0
140887,0
160232,0
138235,1
116242,0
147126,0
146234,0
130802,0
138575,0
151585,0
138079,0
149653,0
102976,0
101326,0
156685,0
114211,1
156834,0
117415,0
150246,0
151681,0
141463,0
122178,0
156197,0
117363,0
147443,0
146453,0
157738,0
141189,0
124391,0
160342,0
159199,0
110493,0
138349,0
132816,0
150093,0
135096,0
150500,0
142597,1
160572,0
140753,0
104485,0
128660,0
148439,0
152499,0
164186,0
158324,0
159925,0
110215,0
104289,0
136084,0
100749,0
143301,1
122398,0
157129,0
163399,0
146634,0
141886,0
165933,0
116254,0
116147,0
118830,0
129870,0
118435,0
159664,0
106638,0
147613,0
154566,0
103909,0
162134,0
101114,0
109076,0
118503,0
120431,0
102440,0
156799,0
146353,0
164380,0
118599,0
139988,0
108946,0
163218,1
143939,1
140857,0
117621,0
106396,0
133729,0
131080,0
120086,0
109913,0
102130,0
133907,0
128615,0
138439,0
149371,0
153047,0
127749,0
148936,0
106226,0
108462,0
132257,0
127025,0
100277,0
120646,0
160829,0
165518,0
126430,0
116711,0
112825,0
145684,0
104361,0
134345,0
147667,0
143299,1
148100,0
137744,0
145275,0
115647,0
161377,0
140501,0
164623,0
101553,0
118155,1
103729,0
142059,0
153674,0
138857,0
162428,1
136542,0
128952,1
128387,0
100126,0
102660,0
103802,0
139124,0
126160,0
159158,0
141853,0
134722,0
149329,0
100694,0
135158,0
100186,0
124001,0
151416,0
114135,0
159080,0
124898,0
158665,0
155132,0
158749,0
118893,0
103348,0
136963,0
158526,0
142149,0
134800,0
130561,0
105192,0
161523,1
121430,0
113935,0
153591,0
139900,0
118694,1
106756,0
122242,0
121474,0
150633,0
159530,0
149108,0
124943,0
121071,1
147005,0
125643,0
159513,0
117777,0
118123,0
144661,0
113113,0
134515,0
109967,1
121876,0
136177,1
161074,1
143348,0
146550,0
106814,0
128643,0
158809,1
105795,0
132068,0
142945,0
141441,0
103620,0
109237,0
129778,0
104621,0
112036,0
104503,0
126686,0
120213,0
165496,0
130622,0
161555,0
151996,0
110795,0
158115,0
122577,0
115201,0
157075,0
130616,0
123867,0
164125,0
116148,0
108148,0
110576,0
150042,0
153780,0
153987,0
161749,0
112666,0
114483,0
109954,0
158675,0
122291,0
156031,0
127940,0
165851,0
110040,0
116236,0
152388,0
103153,0
132101,0
157885,0
163993,0
138334,0
103545,0
139952,0
129569,0
163354,0
143120,0
109697,0
104113,0
138884,0
105701,0
135481,0
130427,0
148892,0
150497,0
139076,0
118526,0
156984,0
146332,1
132763,0
138502,0
161673,0
156905,0
142808,0
155646,0
141801,0
165485,0
133201,0
138837,1
157853,0
139860,0
151958,0
102967,0
125545,0
150690,0
142986,0
132609,0
117107,0
102188,0
155711,0
110077,1
107269,0
126566,0
144986,0
125708,0
123521,0
106009,0
106539,0
146067,1
118029,0
153090,0
102046,0
152445,0
141382,1
154390,0
159037,0
158569,0
108187,1
142746,0
154506,0
118745,0
151902,0
100035,0
138610,0
107074,0
107884,0
109123,0
157728,0
147132,0
144027,0
126284,0
154552,0
107598,0
115565,0
138077,0
162250,0
163247,0
105838,0
106838,1
129478,0
137077,1
151031,0
106772,0
135911,0
147512,0
155460,0
149785,0
104725,0
115278,0
121555,0
124222,0
164955,0
103810,1
146087,0
145051,0
107414,0
155005,0
104213,0
118507,0
112703,0
130477,0
113347,0
103540,0
164624,0
113693,0
134872,0
130863,0
121742,0
151786,0
138206,1
110630,0
104891,0
122128,0
127081,0
127222,0
144684,0
128050,0
101137,0
124716,0
124471,0
162703,0
160551,0
160549,0
144488,0
128963,0
128946,0
125483,0
131986,0
132445,0
128517,0
121698,0
156875,0
113571,0
122587,0
159458,0
124541,0
137541,0
111289,0
123674,0
122382,0
102543,0
162897,0
161583,1
165218,0
120199,0
143638,0
105620,0
127144,0
112209,0
131313,0
104383,0
151941,0
109556,0
162613,0
148519,0
139888,0
159245,1
162620,0
120599,0
103618,0
155746,0
165609,0
160687,0
127815,0
159452,0
129201,0
141980,0
131772,0
123336,0
129822,0
146691,0
106366,0
115018,0
138426,0
117922,0
154322,0
141392,0
106253,0
121616,0
114328,0
154189,0
147081,0
117088,0
108599,0
125343,0
108499,0
140593,0
143985,0
164113,0
103202,0
138018,0
142437,0
110744,0
114391,0
110507,0
122108,0
133541,0
109103,0
117589,0
120692,0
162615,0
165070,0
144189,0
138451,0
104940,0
152096,0
164440,0
152714,0
112335,0
143141,0
159923,0
114784,0
148672,0
159309,0
151462,0
124042,0
154969,0
128068,0
129217,0
112196,0
131931,0
130667,1
125477,0
147851,0
102432,0
151686,0
133820,1
134005,0
102101,0
140208,1
130025,0
150527,0
103883,0
123946,0
113885,0
147588,0
152594,1
108285,0
130852,1
104557,0
148675,0
138005,1
111220,0
131448,1
140782,0
138011,0
108935,0
107300,0
142413,0
140755,0
146716,0
112859,0
102895,0
144903,0
152633,0
152697,0
107552,1
130793,0
145239,0
105773,0
155534,0
136724,0
137122,1
108147,1
146762,0
133185,0
114870,0
159432,0
120064,0
115736,0
154023,0
109681,0
146577,0
165366,1
114426,0
113312,0
112344,1
137805,0
144927,0
109814,0
157244,0
157942,0
156435,0
102924,0
158573,0
117976,0
138792,0
111357,0
135003,0
127221,0
126565,0
150045,0
123498,0
137578,0
155169,0
106567,0
161855,0
103014,0
161434,0
102791,1
136941,0
109873,0
158674,0
133359,0
104423,0
160010,0
123563,0
103015,0
162259,0
135886,0
101977,0
142334,0
144872,0
102419,0
154326,0
156364,0
164419,0
130751,0
142772,0
101039,0
127326,0
110736,0
116762,1
156348,1
150124,0
153128,0
117867,0
140317,0
117781,1
147971,0
135185,0
134268,0
132779,0
114000,0
141302,0
114719,0
129638,0
102526,0
165241,0
112883,0
136713,0
129849,0
132006,0
129133,0
135377,0
116884,0
129427,0
148355,0
136965,0
118796,0
148392,0
104420,0
118741,0
161022,0
111117,0
165211,0
131860,0
115389,0
144296,0
153765,0
109433,0
123568,0
110678,0
163277,1
109856,0
147910,0
157056,0
155679,0
104315,1
115298,0
114743,0
116058,0
139710,0
148908,0
158773,0
153548,0
142092,0
113237,0
142766,0
114810,0
146866,0
137572,0
110192,0
101730,1
135693,0
103509,0
123270,0
147861,1
156262,0
150415,0
106968,0
107678,0
114896,1
110962,1
123073,0
149731,0
113268,0
148190,0
164578,0
116776,0
132656,0
129231,0
105940,0
115347,0
130545,0
144921,0
162212,0
131740,0
165077,0
133014,0
104593,0
118792,0
112057,0
116843,1
145164,0
102724,0
121781,0
108976,0
111283,0
129880,0
140946,0
156329,0
112737,0
101576,0
165025,1
132451,0
119151,0
147131,0
101979,0
100304,0
160798,0
149264,0
161019,0
150065,0
143365,0
130549,0
108828,0
128110,0
121179,1
118182,0
102734,0
140370,0
163840,0
117465,0
122253,1
160609,0
117774,0
158762,0
143812,0
165007,0
117558,0
139381,0
100482,0
136791,0
156760,0
149967,0
120716,0
134740,0
122518,0
115316,0
125844,0
154970,1
151769,0
156226,0
142116,0
158189,0
123244,0
130388,0
108962,1
104270,0
163600,1
140191,0
157675,0
126209,0
134182,1
113581,0
161399,1
148779,0
165856,0
156632,0
143615,0
128141,0
103983,0
134184,0
144312,0
149775,0
124601,0
119571,0
127504,0
157991,0
134051,0
120034,0
131838,0
119711,0
115578,0
128057,0
155836,0
121084,0
131592,0
160571,0
139655,0
116030,0
156046,0
145171,0
113869,0
111869,0
132887,0
150439,0
101549,0
146402,0
101776,0
143558,0
137163,0
148650,1
135833,1
115126,0
141141,0
107353,0
158514,0
124611,0
134776,0
123405,0
101701,0
121004,0
154067,0
149566,0
122325,0
145701,0
125989,0
165028,0
138455,0
126109,0
105751,0
140885,0
147895,0
134068,0
133694,0
121196,0
157982,1
151631,0
104612,0
114256,0
108276,0
129423,0
154805,0
120380,0
101078,0
123317,0
158067,0
134104,0
145084,0
107110,1
133281,0
126281,0
129681,0
138456,0
120743,0
152498,0
159870,0
111570,0
163496,0
133005,0
163826,0
137860,1
149126,0
158624,0
114638,1
153351,0
129848,0
145597,0
114714,0
146008,0
105392,0
130301,0
159354,0
129473,1
132999,1
147898,0
138115,0
139238,0
141866,0
134668,0
109181,0
123570,0
109157,1
118217,0
137124,0
123538,0
145168,1
116164,0
140866,0
140076,0
121293,0
100935,0
128006,1
147514,0
161842,0
133486,0
162727,0
150149,0
165117,0
137607,0
104688,0
122632,0
136360,1
147445,1
151141,0
121183,0
146540,0
132788,0
143838,1
137132,0
103361,0
138593,0
130955,0
148894,0
128764,0
129255,0
127295,0
154029,0
126019,0
117950,0
158362,0
133865,0
111886,0
108541,0
151994,0
113444,0
162099,0
144487,1
135237,0
107973,0
124464,0
144649,0
128016,0
118832,0
146013,0
139135,1
135661,0
147181,0
129595,0
138042,1
143608,0
153956,1
164872,0
106135,0
156771,0
104345,0
108257,0
126975,0
124373,0
162264,0
113697,1
133891,0
119196,0
141319,0
157811,0
121731,0
133604,0
100946,0
125000,0
153369,0
137065,0
125988,0
124741,0
103108,0
139379,0
159830,0
129047,1
165738,0
128277,1
159687,0
135769,0
130858,0
145826,0
144220,0
129960,1
116509,1
120442,0
128430,0
100044,0
103934,0
107711,0
111151,0
162974,0
158048,0
162500,0
164246,0
117457,0
155668,1
131853,0
105535,0
130238,1
158089,0
155013,0
101696,0
143922,0
109862,0
143118,0
157013,0
128271,1
105432,0
117072,0
161565,0
139676,0
131757,0
148516,0
103034,0
106497,0
157842,0
153596,0
137229,0
116984,0
128871,0
125153,1
101361,0
143978,1
102983,0
157458,0
137493,0
157489,0
100824,0
112652,0
161911,0
149764,0
138175,0
116554,0
148225,0
115236,1
126637,0
150559,0
132496,1
144037,0
121505,0
108096,0
108765,0
138459,0
146343,0
151533,0
160144,0
161386,0
156285,0
153940,0
101462,0
154149,0
141601,0
144673,0
132133,0
147621,0
133269,0
146903,1
158404,0
155412,0
158930,0
116494,0
104748,1
162656,1
138531,0
112324,0
101851,0
147282,0
141914,0
140570,0
139104,0
143728,0
149668,0
132318,0
153954,0
144959,0
124440,0
111413,0
103283,0
153106,0
130911,0
125491,0
135841,0
129877,0
100891,0
161472,0
120490,0
151401,0
161799,0
133873,0
159499,0
108761,0
112073,0
118839,0
145815,0
154554,1
146175,0
127489,0
156407,0
144367,0
102773,1
119865,0
154857,0
133382,0
125945,0
136088,0
155899,1
161998,0
159279,0
143454,1
133118,0
134905,0
156763,0
114577,0
131505,0
160007,0
128802,0
162605,0
114277,0
110524,0
128269,1
126605,0
146772,0
141048,0
158934,0
119085,0
164647,0
157259,0
161056,0
165270,0
141170,0
120656,1
144180,0
145062,0
112610,0
158363,1
113112,0
144007,0
146244,0
144843,0
103110,0
108199,0
101414,0
124551,0
145522,0
146679,0
108808,0
109345,0
104277,0
137273,0
142027,0
115378,0
108401,0
133409,1
159116,1
137958,0
132231,0
153807,0
131579,0
158063,0
130679,0
122062,0
101123,0
156930,0
138324,0
116558,0
146434,0
118064,0
160360,0
117472,0
110663,0
117709,0
110726,0
164807,1
134710,0
148889,0
133421,0
161474,0
153229,0
120132,0
120383,0
108738,0
113114,0
108532,0
112945,0
138043,0
112755,0
127371,0
136048,0
138155,0
122309,0
140976,0
125207,1
164047,0
112417,0
103726,1
122792,0
114137,0
153131,0
149717,0
117927,0
158731,0
148370,0
110036,0
117608,0
148242,0
128844,0
135429,0
135145,0
108964,0
112573,1
146154,0
126803,0
117201,1
160709,0
151930,0
118062,0
120974,0
157684,1
140094,0
163540,0
157506,0
141837,0
104720,0
116237,0
140276,0
156063,0
145513,0
149715,0
113696,0
150843,0
107421,0
132577,0
104763,0
148391,0
165122,0
101806,0
126713,0
129149,0
158785,0
164702,0
145397,0
146834,0
115118,0
142573,0
124117,0
123439,0
118033,0
154999,0
154073,1
165562,0
140811,0
139961,0
114680,0
117210,0
100149,0
132765,0
118855,0
110141,0
108471,0
116561,0
131563,0
156666,0
164065,0
109301,0
105869,0
120568,0
102397,0
112182,0
129157,0
109128,0
149751,0
148682,0
118708,0
127158,0
104828,0
156579,0
144298,0
106091,0
118922,0
147245,0
148081,0
157452,0
157660,0
131622,0
113271,0
120065,0
163610,0
124332,0
114710,1
153497,0
108494,0
120424,0
106866,0
138205,0
106123,0
144455,0
156672,0
146174,0
128204,0
102232,0
130005,0
143766,0
163707,0
105861,0
163047,0
155150,0
149102,0
158879,0
100725,0
112277,0
123841,0
122535,0
159743,0
101085,0
112524,0
107924,0
157536,0
133647,0
120901,1
131196,0
116470,0
106698,0
117116,0
133625,0
109610,0
162200,0
105418,0
162612,0
145857,0
123491,0
134259,0
145015,0
155054,0
123631,1
102004,0
106734,1
148762,0
140228,0
143505,0
151171,0
149702,0
139384,0
146351,0
160772,0
105829,0
108203,0
142556,0
131937,0
126382,0
137992,0
103395,0
143914,0
160132,0
134423,0
159885,0
115307,0
153468,0
125126,0
116754,0
158832,1
118240,0
157273,0
100799,0
150905,1
120775,0
120221,0
113721,0
106462,0
102765,0
135328,0
128872,0
116308,0
158056,1
162505,0
101150,0
145801,0
142028,0
112555,0
159589,0
157313,0
115099,0
129801,0
162673,0
146264,0
105014,0
109650,0
146024,0
135791,0
164960,0
102114,1
138452,0
114796,0
104989,1
104848,0
152410,0
150996,0
147680,0
106016,0
152716,0
150658,0
101596,0
157705,0
113865,0
112222,0
117205,0
138429,0
102164,0
124415,1
130090,0
153014,0
112497,0
135531,0
117214,0
123248,1
134631,0
120872,0
111436,0
129758,0
153967,0
109404,0
137419,0
126410,0
128749,0
146019,0
113744,0
154196,0
112354,0
150695,0
102504,0
164293,1
128570,0
119023,0
119328,0
135545,0
143169,0
159471,0
158030,0
146576,0
118900,1
131543,0
163205,0
138970,0
114717,1
115241,0
117496,0
100480,0
107311,0
125067,0
103257,0
106446,0
110175,0
102295,0
128356,0
156315,0
112177,0
105257,0
138784,0
110703,0
115451,0
111251,0
117516,0
162168,1
160160,1
131137,0
151814,0
126545,0
164588,0
126314,0
156575,0
137919,0
124547,0
123911,0
120223,0
104108,0
159127,0
159650,0
162530,0
161185,0
125641,0
165127,0
113806,0
154575,0
138494,0
144026,0
115844,0
126750,0
101100,0
161515,0
136857,0
165800,0
100411,0
116718,0
150496,0
118149,0
102897,0
144136,0
159983,0
139926,1
106285,0
105029,0
108031,0
127773,0
153925,0
128900,0
132413,0
141450,0
135568,1
111150,0
100923,0
107203,0
142902,0
149008,0
158704,0
128495,0
104554,0
152336,0
119631,0
155688,0
138302,0
123655,0
158932,0
103721,0
135077,0
124779,0
106719,0
106856,0
122527,0
148843,0
116496,0
130391,0
157171,0
142030,0
123479,0
106045,0
145191,0
127289,0
162629,0
149395,0
105130,0
157139,0
156772,0
128150,0
123886,0
149523,0
132939,0
115178,0
104312,0
137437,0
144157,0
164672,0
124078,0
138895,0
165333,0
135524,0
116220,0
102420,0
111871,1
112191,0
163441,0
148747,0
129247,0
128508,0
112508,0
125563,0
108226,0
146488,0
165261,0
147333,0
112198,1
136396,0
118865,0
157118,0
165447,0
113612,0
100779,0
142058,0
151086,0
144353,0
101798,0
126138,0
132553,0
130877,0
129093,0
115583,0
157544,0
120376,0
133003,0
163679,0
130398,0
104168,0
139740,0
111379,0
142247,0
155628,1
157344,0
103877,0
131267,0
132281,0
151751,0
129444,0
140598,0
148293,0
100611,0
108330,0
107389,0
104346,0
114965,0
117181,0
161230,0
107296,0
105166,0
133568,1
123008,1
154384,0
123806,0
160003,0
118950,0
150458,0
155885,0
135848,0
143676,0
115056,0
109530,0
140135,0
135960,0
109812,0
164231,0
100882,0
148651,1
137475,0
139148,0
137732,1
156152,0
132901,0
105765,0
157457,0
129572,0
104713,0
132137,0
109052,0
133698,0
122184,0
153583,0
115395,0
112617,0
140539,1
143919,0
128642,0
148021,0
127699,0
113037,0
100544,0
135682,1
154902,0
125932,0
142020,0
126387,0
105938,0
162950,0
135140,1
110659,0
164654,0
103778,0
108772,0
121275,1
110775,0
114941,1
124292,0
105500,0
135172,0
116325,0
161481,0
106027,0
125538,0
156839,1
152078,0
156261,0
148588,0
139497,0
125467,1
112010,0
105614,1
137669,1
125011,0
160506,0
131769,0
130842,0
124276,0
112266,0
161261,0
131262,0
159430,0
141111,0
156056,0
111892,0
144914,0
138864,1
146871,0
133179,1
127456,0
119529,0
150934,0
128591,0
102544,0
122597,0
118927,0
113489,0
142916,0
110453,0
110960,0
100309,0
125527,0
100580,0
127419,0
165357,0
152421,0
125541,0
148280,0
132814,0
140055,0
162813,0
136332,0
145628,1
109020,0
126675,0
158985,0
153692,0
126897,0
109943,0
102964,0
147137,0
163233,0
110259,0
142155,0
113250,0
124944,0
134429,0
111583,1
128539,0
107272,0
111303,0
147252,0
151628,0
130259,0
140507,0
127088,0
148834,0
107195,1
154509,0
131256,0
111996,0
140075,0
157230,0
118056,0
135875,0
125375,0
144006,0
148575,0
124981,0
121723,0
133616,1
161020,0
151864,0
137464,0
116171,0
109082,0
122819,0
103090,0
108538,0
129336,0
108959,1
136036,0
132949,0
105811,0
164549,0
141525,0
114351,0
160228,0
142397,0
147196,0
114532,0
126367,0
138023,0
134011,0
132735,0
153645,0
110107,0
126600,0
157583,0
112110,0
125122,0
105323,0
122685,0
102586,1
100563,0
140554,0
116632,0
126597,0
145580,0
135549,0
136076,0
134927,0
156175,0
162047,0
110522,0
145647,0
142164,0
157266,0
115137,1
119853,0
118508,0
134253,0
126273,0
124758,0
161248,0
152651,0
109646,0
117110,0
138779,0
103501,0
110619,0
138539,0
110901,0
147298,0
104948,0
162573,0
118389,0
150956,0
154789,0
144278,0
162444,0
161595,0
118357,0
111085,0
162550,0
112855,0
133433,1
109075,0
124602,0
108099,0
160835,0
100556,0
139782,0
119226,0
139087,0
107810,0
155333,1
108658,0
123288,0
140686,0
132143,0
108413,0
108784,0
157274,1
105084,0
156084,0
133191,0
100010,0
117641,0
154155,0
132168,0
108318,0
125558,0
145134,0
114040,0
102254,1
105566,0
136732,0
132890,0
113807,0
109879,0
119646,0
147845,0
113291,0
124129,0
127093,0
150871,0
121717,0
159787,0
147871,0
134161,0
103685,0
116330,1
107644,0
118841,0
145004,0
140647,0
114085,0
157924,1
118952,0
146316,0
137674,0
133710,0
106105,0
150244,0
135793,0
135508,1
158890,0
138719,0
135515,0
112282,0
107396,0
103203,0
123654,0
147701,0
160437,0
129818,0
128936,1
152296,1
114066,1
135916,0
152480,0
111466,0
128330,0
147458,0
127248,0
108764,0
145692,0
161694,0
122761,0
107569,0
145330,0
134295,0
151781,1
115883,0
121202,0
126834,0
107744,0
128718,0
146376,0
132506,0
147594,0
144286,0
119797,0
133831,0
111585,0
120444,0
157233,1
101839,0
127867,0
154388,0
122924,0
115972,0
137760,0
126542,0
148373,0
115292,1
161939,0
138013,0
121319,0
157318,0
143413,0
113407,0
129961,0
152451,0
106174,0
134053,0
157133,0
142003,0
114713,0
130565,0
136677,0
111157,0
106564,0
140529,0
159003,0
151173,0
119944,0
113356,0
143400,0
134854,0
106850,0
160643,0
148401,0
112220,0
121936,1
124556,0
104637,0
106890,0
138551,0
101392,0
152743,0
124966,1
153136,0
154042,0
128948,0
165436,0
102056,0
134598,0
163255,0
101117,0
148687,0
127109,0
125732,0
151532,0
113082,0
105022,0
113206,0
161448,0
128916,0
144240,0
157445,0
105302,0
133177,0
100820,0
112983,0
164505,0
112532,0
158584,0
129292,0
123412,0
164612,0
117834,0
147891,0
153122,0
107182,0
158618,0
135625,0
140496,0
159473,0
127152,0
102157,0
107449,0
130450,0
136176,0
133913,0
100835,0
128579,0
138869,0
155644,0
144038,0
135667,0
100153,0
110728,0
115719,0
136792,0
101737,0
101691,0
121267,0
125974,0
129636,0
117671,1
113854,0
123177,0
145468,0
123156,0
153773,0
127086,0
163204,0
138799,0
161453,0
100199,0
126311,0
129743,0
165958,0
138501,0
140104,0
108585,0
120044,0
165244,0
163723,0
123900,1
109591,0
124878,0
139566,0
120631,0
150109,0
146492,0
135989,0
162690,0
111812,0
124417,1
112499,0
150139,1
132130,0
116314,0
110208,0
106308,0
121378,0
117020,0
120690,0
103559,0
157834,0
151692,0
118439,0
115652,0
103117,0
162643,0
143066,0
131403,1
106726,0
123798,0
135319,0
121598,0
134472,1
108523,0
111210,0
127799,0
111462,0
108009,0
103032,0
100969,0
112530,0
154951,0
107357,0
158147,0
123351,0
146742,0
103426,0
145546,0
110166,0
122243,0
161843,0
125710,0
110936,0
119096,0
153913,0
143350,0
156491,0
121090,0
107018,0
150394,0
132067,0
148158,0
126074,0
129682,0
118434,1
128504,0
126866,0
162361,0
140329,0
142867,0
108433,0
150837,0
101983,1
130105,0
106405,0
149201,0
150300,1
121645,0
134725,1
124894,0
149703,1
155185,1
131281,0
132810,0
122404,0
137430,0
141941,0
159963,0
161392,0
129437,0
143367,1
161668,0
122073,0
149045,0
148683,0
113619,0
149645,0
165235,0
113954,0
153779,0
102521,1
120999,0
111189,0
153772,0
159385,0
104889,0
121459,0
104729,0
135822,0
102787,0
140921,0
140567,0
155105,0
137257,1
129830,0
111284,0
112422,0
161424,0
129171,1
116457,0
162475,0
140115,0
164956,1
148704,0
136910,0
156370,0
103415,0
134881,0
133376,0
108088,0
158281,0
143688,0
153642,0
155385,0
152975,1
120282,1
152426,1
122319,0
122786,0
122540,0
154175,0
112296,0
116110,0
103295,0
142955,0
163339,0
117108,0
164222,0
100034,0
100163,0
114231,1
165139,0
106048,0
103247,0
156040,0
100401,1
162526,0
136494,0
148841,0
150824,0
115507,0
137041,0
132023,0
163843,0
157095,0
113624,0
109267,0
123845,0
162982,0
132000,0
148927,0
151003,0
143702,0
111010,0
147901,0
143895,0
109264,0
127312,0
151770,0
122760,0
151673,0
163825,0
118091,0
119857,0
148307,0
110167,0
154574,0
163381,0
113443,1
142388,0
117949,0
120293,0
134891,0
147636,0
122312,0
128631,0
105939,0
102108,0
153553,0
143402,0
153672,0
138371,0
162828,0
158466,0
127930,0
142564,1
143193,1
150275,0
112223,0
159255,0
134618,0
128748,0
133344,0
157785,0
160603,0
133676,0
158116,0
148554,0
104267,0
144379,0
119265,0
158682,0
145034,1
164155,0
111051,0
137134,0
144876,0
140634,0
125352,0
109980,0
126678,0
104219,0
144820,0
146271,0
110555,0
107833,0
117999,0
125753,0
104286,0
155619,0
158430,0
104339,0
128376,0
123827,0
120938,0
105253,0
139003,0
146158,0
111353,0
149837,0
124259,0
121879,0
143502,0
120319,0
152764,0
127686,0
115430,0
147025,0
163998,1
141498,0
160724,0
106518,1
109079,0
156281,0
115900,0
151936,0
102533,0
112403,0
133199,0
161633,0
116744,0
147229,1
152487,0
153434,0
106809,0
130975,1
154329,1
133556,1
117908,1
163283,0
103655,0
100335,0
146363,0
161736,0
120466,0
141934,0
138725,0
143225,0
109378,0
122451,0
108109,0
160265,0
157959,0
142147,1
117034,0
131148,0
109527,0
124037,0
136387,0
108340,0
159408,0
124665,0
144093,0
110114,0
103859,0
124736,0
144485,0
132831,0
135842,0
142390,0
107294,0
120766,0
151250,0
133071,0
146070,1
139242,0
114631,0
151897,0
146785,0
123096,0
102411,0
110068,1
145461,0
119610,0
130316,0
155627,0
157912,0
145285,0
137341,0
102523,0
157891,0
158607,0
100159,0
138322,0
118014,0
132750,0
102906,0
147504,0
111894,0
106180,0
153527,0
139838,0
144880,0
144524,0
152959,0
161043,0
124082,0
116752,0
143973,0
155436,0
160777,0
121371,0
130791,0
138269,0
126799,0
155234,0
122646,0
129198,0
125487,0
117903,0
148589,0
110120,0
102463,0
111162,0
165424,0
162718,0
138801,0
117629,0
118914,0
102829,0
100502,0
140259,0
137139,1
157893,0
154090,0
121470,0
162910,0
145544,0
151728,1
108855,1
143024,0
133163,0
133220,0
153769,0
101779,0
137820,0
116393,0
104002,0
129281,0
139648,0
105728,0
156729,0
104887,0
122179,0
164391,0
120172,0
112990,0
109030,0
151860,0
110521,0
137579,0
138742,1
151331,0
152756,0
132442,0
155525,0
152727,0
119737,0
100597,0
117783,1
143180,0
133934,0
113448,0
152639,0
128594,0
145057,0
137106,0
156693,0
100497,0
106568,0
121912,0
121800,0
156832,0
162903,0
139357,0
104128,0
161091,0
138804,0
126870,0
117995,0
152423,0
113056,0
104203,0
121782,0
119355,1
130758,0
103949,0
133589,0
111325,0
138061,0
120367,0
121386,0
165220,0
120617,0
146822,0
134706,0
129463,0
148699,0
132254,0
155557,0
150998,0
146058,0
105663,0
150270,0
135787,0
119739,0
153637,0
165744,0
163341,0
105633,0
160546,0
164541,0
162525,0
113028,0
132320,0
160456,0
153872,0
127607,0
143657,0
111287,0
147517,0
112892,1
151574,0
109570,0
165035,0
164667,0
154263,0
165268,0
147499,0
113187,0
126127,0
156546,0
130333,0
128763,0
117665,0
102255,1
112958,0
104422,0
115069,0
163886,0
103446,0
127056,0
133252,0
140769,0
118494,0
130706,1
102699,0
159662,1
150622,0
134746,0
102929,0
147838,0
151437,0
125231,0
131018,0
124375,0
124785,0
136599,0
147041,1
134036,0
117607,0
148123,0
113759,0
119917,0
123940,0
136685,0
158679,0
121828,0
129874,0
146989,0
155781,1
103946,0
149271,0
119218,0
130114,0
128304,0
125771,0
151044,0
127356,0
123536,0
155272,0
129350,0
118669,0
119292,0
109763,0
119254,0
103042,0
140894,0
132554,0
122252,0
111798,0
112858,0
129847,1
114730,0
140796,0
141864,0
104117,0
109416,0
157950,0
146194,1
140416,0
116108,0
149877,0
119422,0
127860,0
105597,0
136029,0
127429,0
159060,0
161438,0
139138,0
162834,0
161821,0
107642,0
146803,0
145033,0
135178,0
133462,0
156190,0
125793,0
118424,0
108427,0
121052,0
112305,0
111630,0
127066,0
153615,0
109203,0
113331,0
148616,0
122606,0
112828,0
131025,1
156289,0
162730,0
163157,0
154585,0
151269,0
108200,0
127268,0
165072,1
137180,0
116443,0
128051,1
137829,0
110048,0
113758,0
118770,0
132103,0
126052,0
121812,0
120564,0
110021,0
161085,0
102009,0
152440,0
103722,0
117144,0
148018,0
165818,0
155973,0
134822,0
113289,0
100603,0
164109,0
107705,0
157641,0
136484,0
100741,0
155393,0
145325,0
146551,0
123078,0
127934,0
111693,0
132594,0
144081,0
121112,0
140925,0
110126,0
130927,0
162920,0
113160,0
123473,0
148153,0
110366,1
111216,1
141266,0
163509,0
105169,0
100650,1
130384,0
134027,0
104653,0
121110,0
163374,0
148119,0
114423,0
151088,0
116081,0
139771,0
151583,0
157281,1
152446,0
156369,0
117818,0
129405,0
106650,0
101250,0
162449,0
126112,1
113912,0
155896,0
143432,0
152801,0
134014,0
149754,0
132812,0
112253,0
102729,0
111552,0
153107,0
137379,0
140004,0
163851,0
155810,0
133190,0
118114,0
117715,0
145363,0
108321,0
116760,0
108400,0
138140,0
144083,0
137500,0
120287,0
104523,0
125307,0
162912,0
114687,0
143404,0
163069,0
130460,0
132924,0
155965,0
130314,0
127361,0
131946,0
119478,0
100926,0
110518,0
147149,0
109389,0
119290,0
151545,0
135217,0
146030,0
163138,0
147096,0
118415,0
139783,0
124379,0
161762,0
147533,0
106821,1
101066,0
143786,0
162644,0
122881,0
131956,0
113152,0
158276,0
155924,0
119319,0
153492,0
113621,0
140498,0
125305,0
142414,0
133630,0
124236,0
151496,0
107252,0
130124,0
128293,0
152802,0
133628,0
149284,0
146235,0
120907,0
116588,0
133357,0
115849,0
146150,0
153284,0
136381,0
129272,0
158868,0
127479,0
153811,0
164750,0
118030,0
132166,1
163780,0
101170,0
160345,0
120411,0
135405,0
108223,0
162852,0
149005,0
157599,0
156920,0
139680,0
151341,0
118417,0
147153,0
122368,0
123630,0
121299,0
159130,0
147860,0
127618,0
127711,0
106291,0
152615,0
154387,0
100964,0
128850,0
156044,0
124594,0
114581,0
118989,1
131044,0
165469,0
149488,0
148772,0
143956,0
119987,0
107250,0
149654,0
153421,0
160068,0
110819,0
132981,0
144801,0
107104,0
147682,0
158486,0
160659,0
120097,0
159386,1
133610,0
117352,0
152095,0
102675,0
134248,0
126858,0
101159,0
163912,0
141938,0
144542,0
161887,0
120332,0
155732,0
115043,0
115689,0
146373,0
129788,0
152490,0
154573,0
133566,0
158334,0
165911,0
162501,1
112541,0
101347,0
119831,0
127808,0
130021,0
104265,0
116454,0
122388,0
137361,0
164668,0
117029,0
148406,0
153982,1
117435,0
115994,1
137617,0
158172,0
138405,0
115941,0
140717,0
136148,0
148209,0
100975,0
101594,0
121721,0
114145,0
162271,0
151759,0
107901,0
105658,0
133753,0
137740,0
123044,0
147148,0
145542,0
119445,0
130882,1
118211,0
158969,0
146055,0
161199,0
154082,0
138166,0
134206,0
138723,0
155579,0
124789,0
159188,0
151973,0
137514,0
118323,0
113249,0
154910,0
161466,0
102486,0
149838,0
161338,0
123089,0
158529,1
100365,0
149280,0
160485,0
117613,0
122542,0
104777,1
104356,0
129181,0
107904,0
146411,0
160026,0
109314,0
104185,0
142633,0
117884,0
138787,0
145010,0
123836,0
106422,0
160518,0
120587,0
106164,0
152379,0
131376,0
140069,0
128242,0
117580,0
151850,0
141312,0
146985,0
120438,0
148259,0
114039,0
142908,0
138101,0
163167,0
102705,0
125882,0
118525,0
135798,1
149173,0
164368,0
162941,0
157587,0
144198,1
121034,1
165737,0
160648,0
141469,0
130629,0
148544,0
114239,0
103780,0
158273,1
117694,0
145331,0
126768,0
121272,0
151916,0
100346,0
100764,0
152954,0
140181,0
108484,1
123254,0
110310,0
159928,0
131519,0
126084,0
120959,0
129975,0
135881,0
138385,0
102974,0
116024,0
115722,0
117356,0
111098,0
105967,0
118688,0
116967,0
124500,1
117125,0
124498,0
116644,0
127011,0
140183,0
114684,0
105434,0
127809,0
122929,0
129588,1
163699,0
112843,0
108015,0
128651,0
101460,0
151089,0
163587,0
117702,0
132910,0
145414,0
139505,0
153343,1
104604,0
137598,0
108046,1
141241,1
140931,0
139808,0
145742,0
117200,0
126256,0
115390,0
112072,0
154959,0
111206,0
141943,0
146135,0
145822,0
127742,0
161236,0
120735,1
135130,0
142123,0
129156,0
144329,0
150917,0
125198,0
147302,0
131522,0
112768,0
134720,0
132589,0
104439,0
127541,0
137467,0
118751,0
102642,0
163076,0
117289,0
121834,0
153727,0
161079,0
102202,0
148472,1
163289,0
151940,0
131974,0
129945,0
100356,0
154616,0
153444,0
108354,0
105120,0
107553,0
125883,0
101906,0
127706,0
140165,0
128646,0
141008,0
102823,0
159520,0
139033,0
149869,0
109226,0
132038,0
158849,0
103430,0
159321,1
132711,0
137006,0
104596,0
111300,0
106036,1
157342,0
154207,0
121614,0
105546,0
157622,0
131995,0
104491,0
101722,0
101514,0
129276,0
129057,0
132292,0
163099,0
164943,0
158886,0
120730,0
111493,1
141581,0
164607,0
163734,0
149659,0
135320,0
137698,0
144401,0
134958,0
129776,0
165848,0
157535,0
104706,0
138834,0
155087,0
118844,0
121844,0
163469,0
137882,0
160163,0
132045,0
115300,0
139354,0
124404,0
121923,0
126710,0
122509,0
143001,0
148345,0
137854,0
141924,1
130769,0
159766,0
137754,0
103880,0
117456,0
116679,0
146267,0
133986,0
162795,0
123565,0
132936,0
148159,0
121899,0
135468,1
122408,0
110787,0
120655,0
146273,0
116912,0
134510,0
146308,0
113905,0
109571,1
147405,0
136028,0
102808,0
147763,0
135261,0
106480,0
141739,0
136316,0
140681,0
106153,0
145458,0
155861,0
156205,0
128164,0
146237,0
104759,0
138212,1
137733,1
108786,0
162737,0
157424,0
144214,0
136570,0
120871,0
144919,0
132406,0
120104,0
163471,0
133384,0
158717,0
126291,0
112520,0
110006,0
151771,1
107241,0
122701,0
108588,0
124192,0
163494,1
110543,0
157723,0
138500,0
116540,0
111409,0
149282,0
160559,0
125927,0
148881,0
108368,0
152154,0
105043,0
164582,0
109896,0
130506,0
148904,0
151142,0
109368,0
152444,0
134826,0
164914,0
110718,0
127132,0
134034,0
134263,0
155247,0
145674,0
106677,0
147089,0
164474,0
146278,0
107663,1
119105,0
162064,1
142874,0
113296,0
163421,1
122671,0
113349,0
152889,0
124260,0
154945,0
141185,0
122491,1
135206,0
147586,0
146729,0
144427,0
124810,0
104971,1
103601,0
109793,0
150783,0
124161,0
125175,0
133248,0
121262,0
121462,0
119396,0
120477,0
161321,0
149386,0
135532,0
100164,0
160791,1
163831,0
107737,0
122740,0
113350,0
132984,0
120342,0
126082,0
151777,0
147167,0
147273,1
148826,0
114008,0
114498,0
143291,0
116382,0
103746,0
133822,0
106651,0
145218,0
105174,0
116390,0
115604,0
131893,0
156699,0
115374,0
104667,0
119417,0
153275,0
121285,0
149347,0
127785,0
140116,0
109711,0
100022,0
141146,0
146113,0
162057,0
116573,0
145535,0
110451,1
132833,0
155747,0
117522,0
147560,1
160328,0
161327,0
128049,0
136437,0
159019,0
129131,0
120112,1
113934,0
121010,0
137870,0
157214,0
139038,0
127530,0
105008,0
154328,0
116623,0
138578,0
115221,0
108713,0
103061,0
148767,0
100610,0
133203,0
111915,1
129697,0
162189,0
137227,0
159591,0
103582,0
111911,0
136815,0
160395,0
107508,0
153412,0
141056,0
130730,0
124960,0
105928,0
158835,0
152960,1
134901,0
134445,0
143018,0
129140,0
152432,0
135134,0
140877,0
148148,0
133876,0
131692,0
150885,1
136892,1
107124,0
100069,0
115153,0
132764,0
119752,0
147496,0
136983,0
123732,0
158887,0
155601,0
153371,0
121639,0
109382,0
124858,0
116172,0
128122,0
110566,0
144074,0
123697,0
100950,0
109312,0
104372,0
132181,0
107068,0
106501,0
126452,0
103405,1
139442,0
133976,0
149975,0
141236,0
134831,0
101071,0
165882,0
164984,0
131035,0
153148,0
117124,0
114457,0
161512,0
114969,0
100515,0
141696,1
140284,0
151979,1
139296,0
155473,0
165638,1
126528,0
165767,1
141593,0
105779,0
158710,0
138482,0
102821,0
132813,0
109176,0
165945,0
119083,0
146431,0
111101,0
103827,0
119726,1
157770,0
151731,0
142109,0
113867,0
126646,0
142818,1
152614,0
148921,0
106351,0
108755,0
143718,0
151244,0
118284,0
155521,1
151338,1
152925,0
105794,0
158590,0
118402,1
107277,0
121697,0
109728,0
100430,0
146296,0
107106,0
146433,0
147615,1
100096,1
141658,0
117767,0
139153,0
156257,0
110528,0
134992,0
139263,0
116678,0
106461,0
146368,0
141765,1
160947,0
118198,0
126211,0
161216,0
125950,0
151247,0
102538,0
131499,0
120880,0
127058,0
136841,0
116755,0
132240,0
112989,0
150766,0
102712,0
121798,0
120684,0
117086,1
114132,0
110542,0
161100,0
147973,0
160320,0
132215,0
155327,0
135107,0
131643,0
123079,0
112365,0
104109,0
147685,0
118363,0
164931,0
100963,1
114321,0
111551,1
131332,0
108652,0
138605,0
155011,0
156529,0
141649,0
162355,1
100951,0
138746,0
136189,0
119384,0
124127,0
153130,0
107477,0
151317,0
154258,0
110997,0
124617,0
124247,0
158296,0
135005,0
124468,0
102197,0
141116,0
149987,0
126645,1
125445,0
120864,0
107982,0
137219,0
110955,1
121637,0
123903,0
135751,0
107288,0
111998,0
101044,0
142863,0
103635,1
150897,0
148444,0
111302,1
116996,1
126942,0
131876,0
143757,0
161400,0
160148,0
155139,0
152015,0
139119,1
164859,0
139409,0
110655,0
115437,0
150214,0
153730,1
139884,0
149418,0
130962,0
153849,0
108684,0
102284,0
150602,0
139678,0
151228,0
131232,0
113664,0
104437,0
119974,0
154948,0
144193,0
145636,1
110920,0
134653,0
101705,1
108454,0
130182,1
119900,0
152158,0
153910,0
142593,0
125584,0
118451,0
148429,0
111594,0
114083,1
146875,0
103956,0
108141,0
136686,0
146575,0
116874,0
150775,0
122346,0
105214,0
156129,0
155097,0
131503,0
164187,0
157752,0
121905,0
127892,0
151907,0
158330,0
108774,0
105472,1
114948,0
117422,0
164486,0
152587,0
100631,0
120272,0
110990,0
143126,0
159356,0
116824,0
117237,0
104333,0
107952,0
117759,0
161462,0
147869,0
103289,0
153247,0
101560,0
150323,0
162928,0
156351,0
151550,0
151924,0
116545,0
116501,0
122034,0
109438,0
152338,0
134736,0
123987,0
164406,0
156401,0
156418,0
143803,0
147394,0
159975,0
105277,0
109607,0
155585,0
118618,0
151869,0
104703,0
101706,0
134871,0
157610,0
121702,0
115134,0
151301,0
156308,0
147889,0
100102,0
107273,1
153419,0
156008,0
122610,1
153611,0
138380,0
135392,0
131336,0
106584,0
104924,0
144703,0
157072,1
163468,0
118234,0
147257,0
153664,0
131832,0
103753,0
165811,0
106709,0
138483,0
108520,0
148375,0
164141,0
125422,1
132118,0
162535,0
148806,0
163950,0
130602,0
106470,0
150524,0
132859,0
156386,0
125188,0
146817,0
164628,0
141517,0
148372,0
100782,0
138493,0
128564,0
158104,0
145936,0
109339,0
139818,0
107875,0
152193,0
109153,1
121178,0
150742,0
129815,1
112925,0
113348,0
147113,1
155471,1
128292,0
107358,0
147765,0
129620,0
111865,0
154835,0
105145,0
107873,0
133605,0
110848,0
129286,0
108163,0
131572,0
103047,0
155487,0
129161,0
142458,1
161279,0
131583,0
148003,0
121342,1
111109,0
134545,0
104536,0
111619,0
137625,1
106022,1
160053,0
117241,0
135452,0
127747,1
101908,0
146333,0
108302,0
156583,0
163083,1
156359,0
117840,0
132156,0
123225,0
124408,0
111489,0
127655,1
165470,0
130196,0
150123,0
150136,0
114150,0
148206,0
145627,0
109231,0
108121,1
132667,0
130755,0
101224,0
145305,0
141797,0
108105,0
139432,0
108072,0
116427,0
143063,0
101583,0
100299,0
139790,0
126980,0
148477,0
109514,0
158216,0
141709,0
147343,0
109640,0
134375,0
146291,0
119357,1
125208,0
103788,0
142265,0
157495,0
153687,0
141759,0
132980,0
154064,0
108917,0
143617,0
151235,0
104697,0
125341,0
147129,1
114528,0
106538,0
116250,0
132471,0
101529,0
112104,0
142809,0
132772,0
102472,0
108189,0
117686,0
127959,0
129518,0
121224,0
136322,0
147016,0
116907,0
143694,0
115277,0
160718,0
123195,0
162829,0
141082,0
165225,0
144950,0
103353,0
143046,0
125746,0
116716,0
139506,0
156259,0
155063,1
113594,1
120567,1
160994,0
102873,0
132178,1
103551,0
149250,0
122025,0
114880,0
138596,0
146594,0
148515,0
151126,0
115809,0
154359,0
107213,0
122830,0
105723,0
113921,0
138236,0
164323,0
107889,0
114162,0
142146,0
157931,0
125254,0
163763,1
124610,0
127294,0
132657,0
140321,0
124352,1
116182,0
152199,0
139830,0
158450,1
144973,0
154277,0
123729,0
139085,0
159834,1
160306,0
146662,0
160714,0
103986,1
146071,0
160639,0
100318,0
143408,1
144265,0
165698,0
131207,0
139753,0
165226,0
103327,0
119180,0
154601,0
117901,0
113240,0
123390,0
141606,0
152625,0
114995,1
138438,0
101475,0
148835,0
115668,0
155640,0
165700,0
141921,0
135697,1
117711,0
112502,0
164283,0
162391,0
145996,0
126057,1
112943,0
126846,0
137920,0
106361,0
159442,0
143122,0
112355,0
115991,0
110697,0
165667,1
149000,0
132035,0
137481,0
126943,0
129923,0
117167,0
135898,0
115808,0
142286,1
139259,0
132616,0
140028,0
125853,0
151207,0
158484,0
137826,0
115599,0
141998,0
141098,1
152448,0
123424,0
154725,0
125725,0
120823,0
133618,1
128729,0
161490,0
163750,0
127637,0
138942,0
152255,0
161358,0
137414,0
156074,0
153261,0
150008,0
162722,0
104014,0
160568,0
125617,0
140960,0
159135,0
128163,0
102881,0
139835,0
113919,0
157115,0
126749,0
105280,0
146596,0
141367,0
109497,0
143436,0
127603,0
154365,0
117253,0
156838,0
164805,0
146686,0
127012,0
162839,0
146928,0
117740,0
159433,0
153192,0
100068,0
116758,0
121493,0
104949,0
164773,0
114676,0
126445,0
130365,0
134426,0
128128,0
117825,0
116641,0
139487,0
143691,0
144802,0
117042,0
139008,0
116750,0
138358,0
120349,0
129465,0
129271,1
160451,0
160279,0
134482,0
121271,0
103065,0
131760,0
161122,0
156497,0
123549,0
130864,0
160985,0
102400,0
128414,0
106807,0
143915,0
145504,0
108003,0
101997,0
130654,0
119826,0
142083,0
132205,0
159697,1
163990,0
124622,0
103138,0
141362,0
142212,0
135474,0
154844,0
132227,0
140048,0
161344,0
164751,0
153608,0
162742,0
155777,0
161865,1
109679,0
163698,0
106920,0
104084,0
111497,1
146136,0
103374,0
164465,0
161194,1
100498,0
105553,0
141355,0
158178,0
102417,0
117590,0
146054,0
144341,0
165439,0
129096,0
117306,0
104819,0
109048,0
145211,0
125551,0
149135,0
162601,0
163614,0
102288,0
139696,0
133708,0
119082,0
131436,0
118798,0
104849,0
156320,0
113734,1
153059,0
117273,0
107654,0
136229,0
156147,0
119760,0
153079,0
153296,0
143137,0
101782,0
134401,0
110008,0
140631,0
156470,0
111764,0
139474,1
124526,0
146789,0
164087,0
155415,0
137050,0
118885,0
164614,1
158546,1
111963,0
107551,0
123420,0
140122,0
134154,0
163987,0
132326,0
115363,0
129675,0
139477,0
146456,0
135897,0
116334,0
122961,0
158603,0
105092,0
137553,0
103987,0
160867,0
158697,0
154312,0
125530,0
108047,0
104174,0
153451,0
144141,0
137950,0
149257,0
148906,0
129605,0
136575,0
157711,0
141177,0
160125,0
105049,0
110193,0
161456,0
134140,0
120782,0
113579,1
137982,1
128366,0
119946,0
134319,1
100680,0
136401,0
130925,0
163752,0
103277,0
129731,0
107523,0
111031,0
110587,0
107613,0
103922,0
160961,1
145848,0
147300,0
152509,0
125755,0
139982,0
129651,0
153176,0
151908,0
148358,0
144368,0
156042,0
118684,0
121847,0
161421,0
142343,1
163366,0
132091,0
113040,0
102882,1
126141,0
123924,0
106714,0
114430,0
165526,0
113001,0
142143,0
141500,0
158971,0
149855,0
100258,0
104853,0
142051,0
110526,0
132435,0
117773,0
106259,0
139353,0
161458,0
129825,1
147270,0
123284,0
160520,0
131687,0
133867,0
138396,0
152074,0
126091,1
142075,0
118184,0
145722,0
152259,0
100524,0
143053,0
163767,0
104283,0
114818,0
142145,0
154604,0
141940,0
131096,0
160635,0
134911,0
144127,0
101666,0
144866,0
133607,0
105636,0
135623,0
107501,0
146114,0
128938,0
103890,0
131454,0
105348,0
152283,0
127774,0
155476,0
162740,0
124723,0
108717,0
131869,0
159926,1
122103,0
114553,0
150668,0
113441,0
164302,0
139490,0
146249,0
116685,0
145694,0
131210,0
125738,0
142964,0
126690,0
107988,0
118118,0
111139,0
127149,0
142182,0
157365,0
120170,0
112939,0
108573,0
119185,0
132261,0
158787,0
136053,0
127666,0
150963,0
115438,0
138053,0
142585,0
133403,0
155321,0
141217,0
140825,0
165555,0
126654,0
117508,0
117806,0
100040,0
141885,1
139878,0
131917,0
165407,0
158941,0
155609,0
101713,0
159919,0
115700,0
145707,0
162546,0
164220,0
163534,0
115190,0
108703,0
143778,0
161676,0
100734,0
121301,0
129033,0
120702,0
138567,0
147809,0
131406,0
122579,0
163972,0
126470,0
120932,0
126925,0
119184,1
113455,0
156120,0
145206,0
122307,0
100627,0
104886,0
165100,0
126033,0
152185,0
121898,0
163017,0
124657,0
115386,0
145299,0
121432,0
109703,0
110234,0
146853,0
132243,0
127397,0
148818,0
157708,0
147035,0
138694,1
124193,0
115128,0
156856,0
129583,0
157361,0
152968,0
151825,0
148015,0
123755,0
131049,0
109440,0
102396,0
114084,0
100237,0
107036,1
105711,0
156974,0
136527,1
143079,0
143762,0
115047,0
134820,0
142299,0
100075,0
123122,0
136242,0
140556,0
131796,0
163532,0
117584,0
151937,0
102840,0
107117,0
147235,0
124374,0
138485,0
150937,0
100930,0
161444,0
121964,1
156398,0
131930,0
135232,0
117948,0
108840,1
104803,0
101138,0
134629,0
155603,0
129440,0
129844,0
129603,1
144862,0
109718,0
100477,1
118332,0
143506,0
118968,0
162130,1
123391,0
121958,0
133884,0
160862,0
104727,0
127328,0
111527,0
150965,1
102875,1
114217,0
113016,0
135094,0
100167,0
114725,0
113793,0
141742,1
141856,0
134970,0
124941,0
137206,0
110327,0
111995,0
149834,0
148833,0
125657,0
118068,1
159292,0
136501,0
113059,0
165896,0
158658,0
141473,0
124766,0
103945,0
124461,0
133870,1
131827,0
124720,0
102797,0
164736,0
116111,0
137449,0
117603,0
130224,0
119657,0
121538,0
148312,1
101550,0
157692,1
119126,0
135671,0
103626,0
113387,0
164225,1
125785,0
119332,0
110074,0
117278,0
153181,0
128556,0
103882,0
122339,0
161118,0
155138,0
109070,0
152654,0
106649,0
103701,0
136756,0
100533,0
157729,0
153761,0
132752,0
141299,0
142487,0
138114,0
142144,0
139574,0
112181,0
107411,0
155486,1
104732,0
133388,0
107022,0
135826,0
156109,0
131822,0
132854,0
162606,0
150569,0
133161,0
160397,0
120394,0
149038,0
149518,0
137334,0
128388,0
110024,0
159519,0
149171,0
164075,0
145254,0
123000,0
104768,0
141895,0
114802,1
156560,0
165704,0
156725,0
133668,0
128291,0
132394,0
161547,0
157215,0
141440,0
114960,0
151001,0
126994,1
110083,0
154081,1
140689,0
164146,0
151222,0
149796,0
150368,0
105353,0
160364,0
103214,1
121403,0
140549,0
102511,0
145921,0
115666,0
161374,0
101515,1
162843,0
158079,0
124066,0
141204,1
154152,0
150089,0
117185,0
127677,0
110789,0
144472,0
122095,0
139943,0
153408,0
102462,0
118633,0
141554,0
104309,0
103548,0
163808,0
113741,0
112832,0
150278,0
109394,0
125230,0
129748,0
126974,0
108932,0
131341,0
137788,0
135200,0
106901,0
164770,0
163086,0
111667,0
101384,0
106038,0
136393,0
145386,0
105755,0
153076,0
149780,0
141173,0
144520,0
155818,0
115608,0
163100,0
165482,0
153300,0
128096,0
115918,0
111826,0
107427,0
112548,0
154256,1
154842,0
154370,0
157542,0
122627,0
120129,0
144791,0
119467,0
161326,0
100639,0
109448,0
109340,0
128288,0
130999,0
124275,0
112805,0
102785,0
138584,0
164732,0
107290,0
156675,0
149561,0
106788,0
144599,0
144616,0
138953,0
124606,0
129489,0
154448,1
115325,0
149267,0
158080,0
125328,0
116233,0
159185,0
164386,0
150741,0
106106,0
110103,0
163477,0
165373,0
105958,1
107672,0
120703,0
156752,0
161257,0
103355,0
110782,0
140576,0
153030,0
152281,1
144713,0
164369,0
106507,0
136847,0
148731,0
130118,0
127586,0
131177,0
161763,0
107437,0
139689,0
158699,1
127200,0
101174,0
104050,0
131192,0
144254,0
144432,0
116532,0
164830,1
104517,0
154605,0
151854,0
146688,0
100604,0
123329,0
132374,0
156814,0
120468,0
118195,1
116444,0
135796,0
130527,0
138184,1
112431,0
163382,1
163778,0
130531,1
121154,0
165826,0
115012,0
109031,0
124223,0
153985,0
105812,0
125797,0
155448,0
157148,1
161121,0
138484,0
101527,0
122054,0
133130,0
156640,0
108011,0
117692,0
153029,0
134378,1
160001,0
115673,0
103143,0
104577,0
163040,0
125525,0
130464,0
163884,0
120527,0
145550,0
125082,0
152380,0
127411,0
143530,0
155588,0
142111,0
118729,0
101480,0
145784,0
155092,0
108151,0
160452,0
160122,0
103754,0
155363,1
128313,0
125059,0
105031,0
109693,0
141670,0
140729,0
127127,0
126317,0
134922,0
126908,0
108034,0
116204,0
157349,0
113790,0
110906,0
109291,0
127520,0
142185,0
117731,0
126632,0
154581,1
128521,0
151508,0
148407,0
144002,0
125511,0
153613,0
146819,1
100209,1
101626,0
103967,0
135456,0
110085,0
138975,0
142355,0
154596,0
132801,0
134998,0
104662,0
106245,0
115774,0
164558,0
135396,0
150357,0
104338,0
165775,0
109108,0
163784,0
120951,0
136039,0
136905,0
136126,0
145937,0
101496,0
132911,0
157517,0
133419,0
119173,0
106188,0
140683,0
108248,0
140776,0
133095,0
155446,0
152302,0
122822,0
160209,0
151218,0
110811,1
113735,0
150615,0
154041,1
103850,0
159126,0
153628,0
165327,1
109705,0
157375,0
159597,0
131551,0
124623,0
128632,0
119317,0
156955,0
131439,0
127388,1
162766,0
108617,0
164544,0
114616,0
105237,0
110724,0
146581,1
118940,0
157392,0
104561,0
122721,0
141304,0
162943,0
126426,0
159958,0
119379,0
140869,0
101417,0
155665,0
164390,0
120476,0
135992,0
105439,0
126099,0
108783,0
136397,0
145927,0
101390,0
162409,0
102574,1
162563,0
136619,0
146288,0
115716,0
102363,0
112907,0
147753,1
120285,0
142702,0
124511,0
159684,0
119418,0
121678,0
160351,0
146074,0
114851,0
136371,0
104323,0
130328,0
159877,0
137070,0
141460,0
108812,0
142067,0
138335,0
115843,0
140124,0
138428,0
102359,0
157558,0
164645,0
160340,1
109236,0
121104,0
137363,0
112208,0
134000,0
163006,0
130387,0
121312,0
135476,0
119890,0
116190,0
135721,0
154710,0
159536,0
131699,0
110446,0
124032,0
164861,0
132644,0
138173,0
129395,0
123069,0
110201,0
122694,0
163621,1
143453,0
112273,0
102319,0
107143,0
147717,1
139953,0
145650,0
102876,0
116442,0
154135,0
105069,0
123311,0
151524,0
106617,0
105704,1
101322,0
154232,0
155109,0
129891,0
136203,0
133036,0
138549,0
140420,0
115985,0
157471,0
103606,0
155479,0
149332,0
110498,0
127089,0
163162,0
126574,0
144022,0
155843,0
150239,0
155465,0
112133,0
144515,0
164450,0
127986,0
128239,0
143092,0
134395,0
151313,0
140952,0
157042,0
165571,0
147330,0
126164,0
158606,0
128838,0
144360,0
157405,0
156650,0
136214,0
146743,0
104358,1
165264,0
153404,0
134315,0
105555,0
136065,0
142951,0
162698,0
153542,0
146712,0
121434,0
112345,0
138572,1
102241,0
158280,0
104306,0
162911,0
152693,0
144491,0
130170,0
164396,0
157790,0
113167,0
126474,0
123186,0
121892,0
139558,0
120222,0
155883,0
154698,0
127237,1
102962,0
141066,0
103352,0
119466,0
163521,1
122774,0
145002,0
137659,0
151219,0
109112,0
136786,0
112649,0
119268,1
114662,0
164563,0
133231,0
140922,0
123067,0
106887,0
111299,0
162580,1
102034,0
119043,0
120038,0
112571,0
107878,0
109319,0
161402,0
160431,0
109335,0
141465,0
116822,0
139158,1
149411,1
161639,0
128553,0
106565,0
136391,1
106283,0
160948,0
142857,0
118208,0
119534,0
113238,0
140500,0
139593,0
139622,0
139983,0
120378,0
158083,0
123278,1
117763,0
130015,0
165370,0
148729,1
144797,0
129687,1
135884,0
161830,0
108619,0
157085,0
113622,0
116553,0
118351,0
131991,0
145256,0
112112,0
105090,0
130381,0
133856,1
102261,0
117033,0
121292,0
114621,1
105792,0
118347,0
120291,0
117099,0
145362,0
128804,0
157499,0
114045,0
156705,0
107975,0
119382,0
148460,0
157287,0
121786,0
122177,0
104762,1
157449,0
139234,1
165688,0
111854,0
108594,1
107751,0
157029,0
146250,0
131265,0
154319,0
162412,0
159118,0
105556,0
163297,0
126591,0
128857,0
112421,0
123725,0
121221,0
149137,0
103534,0
134846,0
142800,0
150669,0
103994,1
160959,0
130034,0
139419,0
133987,0
115366,0
101129,0
100847,0
104164,0
129388,0
155566,0
161869,0
100881,0
114176,0
160030,0
104041,1
158755,0
106933,1
149827,0
104313,0
115092,0
137168,0
143536,0
113239,0
108190,0
107960,0
147859,0
163392,0
122430,0
143522,0
113866,0
156080,0
154776,0
126711,1
155287,0
112424,0
122757,0
149667,0
107123,0
124576,0
129196,0
123815,0
130940,0
109928,0
157953,0
135874,0
131723,0
154917,0
148402,0
162639,0
106100,0
137991,0
139235,0
115054,0
127904,0
115790,0
139975,0
120354,0
124188,0
158446,0
145394,0
130620,0
143376,0
136118,0
154011,0
150992,0
163256,0
119756,0
144752,0
147381,0
136000,0
135322,0
102893,0
127606,0
126480,1
138715,0
144614,0
131385,0
162434,0
151626,0
144971,0
164362,1
137390,0
161406,0
110067,0
127421,0
136058,0
104597,0
138420,0
105631,0
140621,0
124607,0
160407,0
136130,0
160565,1
146374,0
144728,0
156379,0
122442,0
156242,0
131837,0
159660,0
126788,0
144668,1
162214,0
123418,0
162571,0
142644,0
128501,0
127475,0
113102,0
126813,0
117364,0
131249,0
149856,0
125238,0
160873,0
137535,0
115090,0
122868,0
102483,0
112744,0
154499,0
105025,0
130181,0
113671,0
145769,0
161817,0
145074,1
165196,0
114271,1
120450,0
109068,0
119093,0
126378,0
150606,0
146473,0
135425,0
138822,0
110670,0
140471,0
120756,0
147157,0
102469,0
156890,0
101847,0
127516,0
136340,0
113755,0
116019,0
156764,0
102742,0
152277,0
158577,0
151166,0
144860,0
140548,0
130394,0
111825,0
104976,0
158294,1
153808,0
161878,0
132564,0
135762,0
105605,0
149042,0
129509,0
149709,1
145189,0
131879,0
163180,0
113582,0
115622,0
138433,0
154673,0
139074,0
107970,0
126463,0
140826,0
103752,0
134136,1
151664,0
154628,0
124559,0
122046,0
131399,0
147217,0
107785,0
138558,0
150134,0
152394,0
133420,0
108849,0
118840,0
107814,0
103186,0
115258,0
102421,0
149685,0
152928,0
101000,0
157679,0
103299,0
102607,0
137172,0
100641,1
147715,0
132427,0
145320,1
108627,0
122763,0
152738,0
139179,0
161041,0
157579,0
156972,0
152839,0
159533,0
164176,0
149892,0
126156,0
130411,0
108800,0
149003,0
118954,0
146981,1
159176,0
105683,1
136507,0
134455,1
109627,0
163964,0
125970,0
104632,0
108722,0
128574,0
151663,0
161440,0
151625,0
159347,1
125315,0
123226,1
162374,0
165657,0
147803,0
144452,1
116200,0
136451,0
157721,0
114964,0
126829,0
145377,0
129244,0
153025,1
141858,0
131216,0
151774,0
134452,0
118810,0
131584,0
163690,0
102758,0
128776,1
133319,0
142086,0
161725,0
150039,0
121207,0
155336,0
153170,0
121471,0
106344,0
111399,0
123509,0
123164,0
115248,0
151598,0
115993,0
148556,0
102902,0
100727,0
121204,0
164025,0
130331,0
105623,1
141024,0
110972,0
101877,0
122564,0
145997,0
133356,1
146902,0
108222,0
140542,0
145232,0
139965,0
133979,0
146786,0
146722,0
148636,0
123480,0
101321,0
126536,0
108760,0
160443,0
158392,0
156000,0
129810,0
137561,0
120288,0
144369,0
131446,0
105776,0
153575,0
154821,0
102234,0
135940,0
161571,0
159008,0
120683,0
110672,0
146233,1
109435,0
158692,0
125171,1
111492,0
148142,0
163772,0
140197,0
149910,0
116379,0
117632,0
152575,0
138015,1
139986,0
131301,0
152401,0
123459,0
149742,0
118800,0
122664,0
139218,0
144078,0
136274,0
144036,0
163947,0
137959,0
125392,1
104991,0
100875,0
109562,1
127484,0
104279,0
150277,0
119924,0
128108,0
139150,0
133734,0
100479,0
144481,0
164739,0
130072,0
138912,0
119007,0
154020,0
108204,0
101557,0
159485,0
112625,0
122891,0
115981,0
125140,1
122503,0
145095,0
129885,0
155159,0
150374,0
106117,0
154866,0
139308,0
157557,1
160235,0
165184,0
160746,0
159761,0
125613,1
106608,0
117390,0
137480,0
103637,0
150105,1
149886,0
101786,0
119261,0
146878,0
119414,0
145644,0
139364,0
129264,0
135454,0
115912,1
118297,0
130835,1
162899,0
125345,0
165253,0
105352,0
155991,0
103236,0
153639,0
147635,0
111274,0
101209,0
127410,0
130702,0
152938,0
146855,0
101927,0
145676,0
137114,0
156145,0
146410,0
118851,0
161943,0
123723,0
129594,0
162662,0
129646,0
161693,0
164172,0
163901,0
143311,0
155263,0
139972,0
129582,1
110112,1
129468,0
158379,0
142660,0
124652,0
129016,0
139529,0
111750,0
140403,0
159583,0
103114,0
127776,0
116560,0
115845,0
136880,0
147071,0
150201,0
140848,0
143868,0
126777,0
123915,0
110272,0
134705,0
132157,0
158032,0
157331,0
154691,0
152007,0
129843,0
136596,0
131790,0
106234,0
119110,0
154262,0
132108,0
114052,0
104227,0
117038,0
127611,0
149190,0
144209,0
105541,0
143598,0
133806,0
115862,0
102103,0
145375,1
133373,0
141673,1
103284,0
157092,0
103137,0
142395,0
160790,0
108131,1
138297,0
126659,0
121768,0
144779,0
124969,1
138291,0
140205,1
103888,0
158740,0
121981,0
144859,0
152567,0
157402,0
111743,0
125298,0
139970,0
134652,0
108877,0
153754,0
150083,0
122198,0
147597,0
140365,0
107761,0
126663,0
147318,0
133458,0
116784,0
142264,0
104626,0
125165,0
102624,1
103399,0
156775,0
136976,0
154510,0
146072,0
153322,0
119873,0
157578,0
113987,0
135168,0
138643,0
113502,0
163035,0
136830,0
120067,0
114302,0
136572,0
125342,0
135127,0
118613,0
153288,1
129715,0
139605,1
125405,0
114113,0
146185,0
160137,0
162040,0
105549,0
109522,0
113834,0
135570,0
105426,0
122530,1
135318,1
115499,0
157897,0
132599,0
137202,0
106182,0
164973,0
101745,0
156070,0
124022,0
113147,0
139825,0
127124,0
161389,0
144449,0
105449,0
126503,0
131299,0
144272,0
154053,0
132853,0
142912,0
115954,0
130817,0
128827,0
137693,0
123166,1
152855,0
111465,0
159032,0
139055,0
131633,1
121680,0
107084,0
105274,0
102830,0
134109,0
161013,0
140590,0
113457,0
136415,0
164429,0
141307,0
107105,0
127704,0
101993,0
125515,0
111491,0
116674,0
124282,0
128843,0
108489,0
152767,0
135182,0
112893,1
164895,0
103978,0
124864,0
115231,0
157016,0
142158,0
147403,0
138622,0
108316,0
144768,0
128798,0
123696,0
159603,0
116847,0
112115,1
118258,0
114559,0
113373,0
108374,0
133015,0
158955,0
111333,0
109150,0
137249,0
156821,0
124046,0
121658,0
105524,0
106711,0
117098,0
106558,0
155600,0
142193,0
157160,0
107298,0
163833,0
108880,0
108831,0
124378,1
103166,1
127570,0
154666,0
102557,0
165222,0
131061,0
132595,0
109853,0
125299,0
134308,1
154804,0
104862,0
153708,0
157192,0
132015,0
140120,0
114479,1
159167,0
122414,0
136768,0
124569,0
151882,0
115109,0
125751,0
104996,0
135395,0
129398,0
152852,0
149273,0
153695,0
117203,0
163448,0
144382,0
126986,0
112247,1
107109,0
108304,0
162478,0
159592,0
140308,0
153178,0
159514,0
158543,0
131591,0
153062,0
148328,0
145768,0
131707,0
164507,0
128074,0
120118,0
115006,0
151297,0
156670,0
132397,0
141442,0
107629,0
138542,0
153616,0
129504,0
123716,0
110323,0
142090,0
142749,0
119982,0
154621,0
129571,0
134310,0
144348,0
111053,0
142453,0
127216,0
101561,0
162310,0
132748,0
114337,0
101866,0
154803,0
136014,0
154498,0
127872,0
121126,0
100113,0
107729,0
140892,0
136850,0
123739,0
162609,0
103696,0
112633,0
122788,0
112704,0
120615,0
149822,0
101987,0
136023,0
119312,0
100717,1
151657,0
154823,0
141246,0
164940,0
163796,1
111906,0
113374,0
154540,1
111461,0
157285,0
120300,0
146889,0
136006,0
103769,0
139103,0
140783,0
107322,0
125242,0
118654,0
140072,0
136198,0
104189,0
156466,0
164223,1
145269,0
107928,0
108313,0
148971,0
163850,0
123370,0
150429,0
158434,0
160006,0
111340,0
160192,0
145435,0
108612,0
103553,0
129742,0
119841,0
138477,0
145617,0
103248,0
119859,0
160806,0
130327,0
142954,0
109481,0
114766,0
133401,1
138555,0
140056,0
112763,0
143669,0
149176,0
165120,0
124922,0
116577,0
118437,0
143882,0
131744,0
148260,0
114869,0
143130,0
149168,0
113787,0
103208,0
116879,0
100204,0
132202,0
121035,0
100031,1
133989,0
103222,0
123967,0
105028,0
124757,0
127064,0
114053,0
107712,0
109923,0
150279,0
130693,0
139274,0
156061,0
157773,0
164993,0
116552,0
109979,0
162372,0
102131,0
160733,0
103129,0
104765,0
141017,0
150410,1
163938,0
144268,0
104864,0
148923,0
138421,0
100788,0
103265,0
116958,0
163064,0
146357,0
101503,0
103150,0
123768,0
143918,0
114487,0
149227,0
138687,0
135026,0
156973,0
163322,0
147805,0
120754,0
131353,0
165375,0
128738,0
158805,0
158701,0
122753,0
123816,0
100181,1
153173,1
116557,0
121524,1
127995,1
106849,0
160093,1
148170,0
108759,0
143494,0
130995,0
116386,0
123181,0
147703,0
152471,0
132636,0
119650,0
132908,0
143606,0
143304,0
110654,0
139451,0
157628,1
162746,1
126447,0
144102,0
106704,0
108090,0
150328,0
137355,0
148262,1
144637,0
141591,1
103485,0
111099,0
103448,0
105201,0
159262,0
126049,1
163411,0
104623,0
134551,0
162667,0
135928,0
153019,0
103142,0
116875,0
109353,0
158066,0
150605,0
136066,0
119363,0
151245,0
164073,0
165543,0
121212,1
109311,0
114376,0
151754,0
129087,0
104769,0
162672,0
134088,0
117100,0
142888,0
145346,0
131246,0
136824,0
120089,0
125830,0
151617,0
107342,0
143129,1
111445,0
152022,0
139371,0
103170,0
145727,0
130688,0
140036,0
143083,0
129644,0
146084,0
106338,0
155243,0
113267,0
125915,0
118949,0
128795,0
153191,1
119819,0
152134,0
148532,0
127512,0
163033,0
114136,0
142260,0
107346,0
142094,0
121566,0
138344,0
100185,0
126836,0
156323,0
127459,0
115967,0
145425,0
147920,0
103844,0
150466,0
162277,0
151196,0
151685,0
160457,0
155909,1
110346,0
153539,0
136388,0
147835,0
142919,0
106499,0
114800,0
121954,0
132360,0
115518,0
126396,0
100633,0
126626,0
134787,0
144877,0
131348,0
153023,0
130140,0
102170,0
120645,0
124911,0
131535,0
163456,0
161282,0
130924,0
156297,0
116105,0
114494,1
104029,0
135707,0
134878,0
133144,0
121855,0
153994,0
122093,0
153162,0
100600,0
154386,1
157616,0
115629,0
148879,0
135050,0
162856,0
165592,0
164579,0
161934,0
161035,0
119773,1
149424,0
110556,0
140716,0
138332,1
131586,0
126334,0
144763,0
128993,0
101652,0
157825,0
120359,0
155823,0
161774,0
153541,0
122784,0
111288,0
141645,0
107537,0
145020,1
139641,0
130658,0
162593,0
104904,0
101468,0
146031,0
137537,0
105669,0
112723,0
164509,0
140926,0
160445,0
134530,0
137964,0
142846,0
130844,0
121584,0
118573,0
134094,0
141882,0
106147,0
145111,0
123454,0
113335,0
132961,0
104299,0
131661,0
115750,0
121666,0
105079,0
133577,0
125183,0
128544,0
157533,1
111752,0
153935,0
160294,1
125943,0
145808,0
111517,0
161232,1
165873,0
120041,0
141604,0
165425,0
129591,0
163575,0
103841,0
130013,0
157976,0
165480,0
130786,0
132601,0
147800,0
106755,0
139247,0
151429,0
141653,0
104162,0
122821,1
141371,0
100403,0
129783,0
158518,0
163845,0
158956,0
158217,0
117695,0
140153,0
103710,0
152325,1
159799,0
106981,0
122545,0
109806,0
157941,0
139254,0
162058,0
165003,0
114887,0
132906,0
102008,0
133663,0
157315,0
101171,0
140299,0
104455,0
158403,0
108545,0
135509,0
110322,1
164522,0
129163,0
161306,0
164215,0
137264,0
135267,0
152523,0
115561,0
114776,0
145762,0
113424,0
133439,0
144689,0
101540,0
149854,0
112713,0
122245,0
131029,0
143048,0
156574,0
103272,0
101772,1
147452,0
130540,1
159641,0
132573,0
156598,1
134393,0
160367,0
123748,0
152493,0
118133,0
113637,1
113751,0
126774,0
106342,0
127726,0
130980,0
113745,0
157901,0
159121,0
121665,0
156424,0
134383,0
102074,0
118948,0
110753,0
155831,0
126577,0
138730,0
147650,0
114786,1
162375,0
114044,0
109549,0
161038,0
125143,0
146454,0
144421,0
128627,0
164641,0
165877,0
136121,0
134555,0
128558,0
100402,0
129974,0
107027,0
107237,0
160057,0
138685,0
138663,0
103749,0
147019,0
111717,1
120126,0
148773,0
117729,0
125061,1
149879,0
134593,0
101821,0
116717,0
158766,0
111071,0
155359,0
144790,0
138207,0
139619,0
144023,0
163347,0
162707,0
127680,0
159249,0
134926,0
164389,0
106052,1
137342,0
157216,0
149034,0
122720,0
119887,0
155984,0
125310,0
155552,0
157609,0
112447,0
161218,0
162108,0
100023,0
110553,0
140759,0
119937,0
155713,0
162184,0
142277,0
161967,0
121314,0
148106,0
129459,0
164863,0
115573,0
110434,0
154134,0
150971,0
112151,0
108241,1
103732,0
126790,0
106162,0
109995,0
151406,0
155015,0
110992,1
153647,0
165106,0
136608,0
116975,0
111729,0
126522,0
121620,0
101795,0
105427,0
101379,0
146885,0
144165,0
121345,1
122390,0
135864,0
139734,0
129431,0
159724,0
143211,0
127455,0
136375,0
140871,0
135495,0
152314,0
150341,0
126461,0
121151,0
110127,0
137335,0
119504,0
122541,0
134754,0
128359,0
148844,0
161779,0
119885,0
156859,1
158647,0
103468,0
116022,0
110187,0
150023,0
154024,0
157177,0
144096,0
104939,0
121172,0
141038,0
161940,0
161272,0
128599,0
148316,0
159488,0
132041,0
111455,0
155720,0
163791,1
126282,1
131347,0
162401,0
127684,0
119653,0
156776,1
140517,0
132165,0
164543,0
153800,0
156232,0
160964,0
116037,0
144814,0
147004,0
122725,0
137604,0
153911,0
164852,0
140316,0
154781,0
116300,0
114619,0
129680,0
134037,0
113817,1
164606,1
125035,0
128835,0
137568,0
154236,0
123366,0
124627,0
129225,0
119530,0
153854,0
161480,0
138489,0
116770,1
122100,0
149466,0
138628,0
162145,0
131120,0
162279,0
159051,0
155298,0
164284,0
109204,0
100693,0
144679,0
154351,0
107172,0
163101,0
149479,0
111371,0
107900,0
142394,0
131230,0
158602,0
114408,0
153060,0
148431,0
129167,0
144725,0
103105,1
124324,0
121967,0
122396,0
162785,0
144623,1
133629,0
132699,0
105136,0
109974,0
123161,0
121448,0
164224,0
164393,0
117930,0
114744,0
110799,0
162091,1
145791,0
102853,0
115333,0
126991,0
151953,0
165578,0
133745,0
148829,0
101240,0
103021,0
132972,0
120031,0
134895,0
148822,0
129761,0
130507,0
152761,0
106722,0
160587,0
129159,0
118002,0
134842,0
104545,0
142377,0
163662,0
102510,0
153423,0
104914,0
137963,0
101164,0
112823,0
104025,0
164439,0
125181,0
152538,0
102423,0
119716,0
124219,0
118981,0
115697,0
121354,0
140127,0
162063,0
118457,0
116124,1
135265,0
111392,0
115612,0
148000,0
154880,0
136772,0
102920,0
129092,0
101027,0
161988,0
158598,0
108339,0
116016,1
143295,0
101285,0
108891,0
148352,1
130194,1
158511,0
138962,0
156020,0
161829,0
164680,0
117510,0
133497,0
136899,0
142502,1
109762,0
121894,1
122949,0
103020,0
149115,0
132844,0
120294,0
103023,0
165156,0
150619,1
101826,0
136219,0
120347,0
101668,0
145181,0
116057,0
120976,0
160051,0
139423,0
120058,0
104668,0
160554,0
104756,0
123983,0
129796,0
130827,0
109565,0
153711,0
102395,0
133562,0
110609,0
100831,0
128179,0
150202,0
128791,0
127342,0
155404,0
125936,0
123906,0
153031,0
121950,0
160696,0
123736,0
149064,0
165588,0
165505,0
161312,0
165597,0
110384,0
126146,1
121593,0
127793,0
107393,0
148012,0
128390,0
148324,0
112830,1
155664,0
129334,0
147617,1
117438,0
150907,0
105592,0
125233,0
163507,0
158727,0
135062,1
144639,0
160665,0
121955,0
127558,0
121506,0
128824,0
110991,0
164381,0
117051,0
145965,0
122380,0
113554,0
160908,0
136936,0
149049,0
163465,0
113281,0
101430,0
113689,0
101317,0
121690,0
104081,0
117151,0
141851,0
106160,0
124044,1
149293,0
120513,0
118422,0
120904,0
153560,0
141818,0
160429,0
148270,0
139731,0
143625,0
110268,0
100211,0
157123,0
138783,0
165041,0
132334,0
146418,0
157809,0
108537,0
139948,1
156657,0
139856,0
145620,1
163948,0
160944,0
105918,0
147850,0
157278,0
119735,0
125686,0
115593,1
112926,0
113486,0
126250,0
153533,0
126087,1
148577,0
150243,0
160824,0
101964,0
108674,0
134262,0
103379,0
134214,0
144407,0
160425,1
154886,0
125280,0
132439,0
130997,0
130801,0
122933,0
100720,0
109261,0
141425,0
111230,0
144194,0
161064,0
144072,0
137685,0
105835,0
114536,0
105762,0
136127,0
161412,0
124532,0
148505,0
146920,0
165683,0
124199,0
124003,0
101579,0
130397,0
153251,0
115892,0
134177,0
138278,0
121313,0
108626,0
127000,0
165229,0
121833,0
116616,0
146933,0
143525,0
143310,0
125147,1
118302,0
115922,0
108860,0
122459,0
158589,0
104008,0
154142,0
107066,0
127745,0
115385,0
126917,0
134954,0
114320,0
115491,0
111898,0
155207,0
124913,0
148782,0
117813,0
114892,0
163732,0
120510,0
127024,0
137987,0
129784,0
136272,0
105305,0
111790,0
123501,0
131508,0
147207,0
107056,0
141783,0
154247,0
137461,0
148876,0
115714,0
163842,0
163963,0
105178,0
153442,0
124184,0
125087,0
130627,1
120985,0
101768,0
116014,0
111847,0
105213,0
117685,0
100854,0
109018,0
144793,0
104897,0
162349,0
128280,0
114770,0
111002,0
140891,1
118231,0
127423,0
165353,0
155106,0
131982,0
146180,0
142329,0
133085,0
100348,0
104378,0
155941,0
143177,1
163365,0
122914,0
123883,0
133102,0
148211,1
147050,0
155815,0
122605,0
141930,0
130749,0
154111,0
112363,0
154001,1
164062,0
119601,0
118471,0
136129,0
114769,0
132384,0
133137,0
125069,0
125421,0
147110,0
156416,0
124787,0
133897,1
151517,0
147931,0
152086,0
119119,0
114760,0
134775,0
133848,0
106796,0
149807,0
100380,0
152760,0
112143,0
122855,0
157619,0
102590,0
109098,0
159970,1
130731,0
145858,0
127256,0
126104,0
126957,0
163463,0
157713,0
127181,0
128618,0
147420,0
134138,0
128252,0
117841,0
117588,0
141557,0
131679,0
125787,0
121656,0
131138,0
100255,0
135595,0
151980,0
125241,0
106559,0
124480,0
127786,0
149552,0
142794,1
140636,0
133904,0
153160,0
148867,0
114911,1
111187,0
111696,0
108205,0
126190,0
150839,0
124081,0
143774,0
131442,0
105491,0
162487,0
164609,0
160758,0
127399,1
122828,0
112554,0
112576,0
112306,0
103723,0
106892,0
109398,0
125735,0
136717,0
162995,0
156735,0
143989,0
112993,0
158440,0
138293,0
111309,0
101147,1
104638,0
147519,0
120318,0
126764,0
107581,1
144364,0
134413,0
165296,0
140106,0
129662,0
121579,0
103249,0
141407,0
112125,0
118600,0
154373,0
139279,0
136164,0
102137,0
126429,0
154296,0
130914,0
150470,0
131022,0
118787,0
103307,0
124274,0
158247,0
108055,0
102313,0
129980,0
123781,0
106789,0
122836,0
130395,0
139694,0
120082,0
131380,0
128531,0
103873,0
101956,0
117519,0
129216,0
122112,0
140951,0
150946,0
127277,0
127079,0
160065,0
138283,0
106055,0
153900,0
124953,0
140387,0
140734,0
114129,0
109708,0
133261,0
151840,0
117479,1
143246,0
111526,0
100369,0
122197,0
158798,0
139212,0
159893,0
153536,0
156490,0
101882,0
157763,0
150551,0
159303,0
161187,0
133656,0
147056,0
131624,0
149567,0
104592,0
158085,0
150821,0
101586,0
106946,0
101411,0
158931,0
110206,0
126540,0
164084,0
128386,0
108309,0
165060,0
161717,0
136522,0
151790,0
112697,0
142524,0
160105,0
136843,0
126427,0
135372,0
156151,0
111656,1
158062,0
153528,0
158436,0
112280,0
123232,0
121277,0
135579,0
155226,0
104933,0
102756,0
160633,0
156071,0
108058,0
124755,0
126147,1
152935,0
136468,0
129872,0
146396,1
164124,0
121874,0
107502,1
146152,1
135572,0
126077,0
133154,0
113907,0
110516,0
152164,1
141796,0
149999,0
116513,0
106398,0
122724,0
115889,0
137699,0
129502,0
107980,0
146960,0
155456,0
161866,0
133879,0
147104,0
113423,0
132057,0
163913,0
159704,0
144202,0
122145,0
101952,0
133835,0
159272,0
144285,0
116827,0
157307,0
104280,0
126042,0
118538,0
104163,0
143649,0
107757,0
160578,0
154682,0
125284,0
126110,0
125135,0
119214,0
158558,0
129476,0
108790,1
107031,0
141795,0
102323,0
145393,0
157709,0
160419,0
141291,0
155658,0
159246,0
132659,0
137141,0
132876,0
132090,0
156150,0
101885,0
147206,0
135281,1
144410,0
151671,1
102552,0
133489,0
143176,0
111218,0
115455,0
134738,0
115272,0
121451,0
123889,0
153918,0
111809,0
119450,0
114825,0
152428,0
108782,0
128323,0
147236,0
147662,0
100907,0
115394,0
147554,0
127466,0
136082,0
152942,0
126434,0
131273,0
109134,0
152715,0
157163,0
141459,1
129082,0
154644,0
152436,1
105730,0
157320,0
109508,0
104812,0
119790,0
161161,0
117812,0
117803,0
105096,0
162124,0
130635,0
162591,0
158264,0
142754,0
133613,1
152539,0
160286,0
106560,0
129795,0
143942,0
122431,0
120792,0
107516,0
147536,1
159782,0
131103,0
114573,0
125703,0
128200,0
137941,0
153265,0
139244,0
107682,0
147356,0
129373,0
145019,0
158251,1
149825,0
124201,0
124409,0
143317,0
103678,0
111902,0
161039,1
106112,0
105859,0
130160,0
110657,0
108835,0
159855,0
164569,0
111994,0
118063,0
161173,0
140721,0
128210,0
100674,0
118275,0
131702,0
161549,0
151890,0
131654,0
124997,0
124508,0
111638,0
144468,0
100007,0
163652,0
144170,0
161912,0
107943,0
141364,0
146133,0
165772,0
149701,0
137104,0
149210,0
118176,0
165246,0
130132,0
112342,0
130083,0
101657,0
101260,0
126017,0
163982,0
149871,0
156168,0
154531,1
152417,1
101787,0
154249,1
119655,0
163241,0
130764,0
140905,0
163960,0
145619,0
150868,0
140432,0
128870,0
136450,0
152322,1
105903,0
142295,0
114348,0
152811,0
125539,0
163315,0
123831,0
146127,0
152457,0
123965,0
153092,0
112840,0
157357,0
128575,0
145999,0
148748,0
111063,0
154927,0
108743,0
143401,0
101698,0
159630,0
140732,0
106433,0
123592,0
152789,0
109826,0
144305,0
137231,0
142568,0
119676,0
155917,0
111190,0
104226,0
116622,0
151636,1
129371,0
118204,0
156970,0
139014,0
113773,0
134951,0
130866,0
147537,0
138284,0
128682,1
138331,0
157559,1
100089,0
145583,0
149863,0
128247,0
157224,0
113706,0
122959,0
108405,0
108884,0
150772,0
156848,0
139902,0
117274,0
129043,0
134864,0
155606,0
131546,0
139478,0
104542,0
137912,0
135173,0
133517,0
115080,0
111076,0
159986,0
114091,0
152763,0
142384,0
103694,0
162224,0
111208,0
110463,0
162883,0
151048,0
121910,0
134980,1
127266,0
163213,1
165413,0
134577,0
154721,0
109987,0
119691,0
153082,1
107069,0
115698,0
104236,0
116985,0
132620,0
119741,0
120733,0
145618,0
146555,0
108315,0
105211,0
156459,0
123421,1
118995,0
146501,0
135093,0
130054,0
114062,0
116626,0
107958,0
115833,0
148296,0
157255,0
149925,0
120136,0
158845,0
100215,0
123272,0
103409,0
103982,0
112138,0
148920,0
127143,0
165223,0
132217,0
107835,0
108049,0
137047,0
159002,0
135314,0
106228,0
147834,0
158876,0
139436,0
103245,0
116217,0
156219,0
138713,0
151499,0
129950,0
137448,0
140605,0
127731,0
159559,0
144540,0
150185,0
158903,0
153374,0
125226,0
140380,0
104824,1
125875,0
143409,0
133512,0
124640,0
132581,0
145380,0
132100,0
155238,0
153460,0
136614,0
145065,0
117596,1
135044,0
164482,0
118107,0
147026,0
162846,1
137321,0
131721,0
156886,0
131164,0
151438,0
158236,0
106113,0
148952,0
119975,0
162878,0
121886,0
159423,0
112531,0
105446,0
138195,0
147730,0
127161,0
137109,0
111954,0
159625,0
108977,0
141566,0
154978,0
112641,0
112613,0
106088,0
124198,0
156339,0
137830,0
126958,0
159192,0
140401,1
123488,0
164765,0
150433,0
143582,0
122746,0
123066,0
114517,0
160458,0
130936,0
145293,0
127461,0
153957,0
145712,1
149188,0
129895,0
121514,0
144770,0
143755,0
112004,0
132039,0
135074,0
139288,0
153498,0
116799,0
148136,0
111075,0
158537,0
109436,1
151660,0
121072,0
106093,1
138943,0
101425,0
127194,1
131915,0
135167,0
155416,0
131745,0
105860,0
116061,0
141045,0
118418,0
161553,0
108659,0
101803,1
125180,0
151397,0
138355,0
122110,0
156318,0
155164,0
118135,0
165764,0
138394,0
105173,0
114107,0
106600,0
158321,1
119352,0
137365,1
156428,0
128875,0
110514,1
130119,0
152167,0
141196,0
141556,1
164460,0
142241,0
109558,0
149467,0
115009,0
151077,0
121722,0
107210,0
113754,0
118674,0
140771,0
122877,0
127707,0
109572,0
153102,0
138717,0
131782,0
121391,0
148986,0
135706,0
155625,0
141010,0
152073,0
136828,0
143799,0
131145,0
125894,0
136311,0
145136,0
110097,0
155963,0
136453,0
123599,0
149616,0
148144,0
160956,0
159289,0
101868,0
136672,0
155255,0
158676,0
150479,0
161405,1
115358,0
116065,0
111974,0
134251,0
165071,0
108894,0
135740,1
134015,0
120195,0
145210,0
112814,0
125681,0
145381,0
136874,0
147529,0
140538,0
112591,0
102752,1
119812,0
142540,0
139277,0
105162,0
141705,0
122880,1
104385,0
149547,0
121413,0
154301,0
145470,0
125601,0
132632,0
153838,0
114836,0
129268,0
127797,0
118139,0
149913,0
138231,0
103293,0
129417,0
110046,0
147072,0
134845,0
148700,1
156884,0
107510,1
110482,0
164322,0
158274,0
130566,0
150613,0
128002,0
131056,0
139482,0
156630,0
121198,0
151837,0
165681,0
159695,0
140962,0
125427,0
164279,0
134286,0
132929,1
126951,0
137307,0
138690,0
162416,0
124918,0
129507,0
136727,1
136370,1
130441,0
106420,0
137288,0
117571,0
130383,0
100736,0
132516,0
157138,0
128998,0
154036,0
132293,0
130634,0
153054,0
133606,0
143891,0
115434,0
119592,0
142638,0
158464,0
143710,0
137235,0
100809,0
160871,0
131350,1
131483,0
156855,0
104893,0
110320,0
126512,0
134062,0
103643,0
129022,0
155438,0
159077,0
163809,0
121816,0
143999,0
157894,0
143682,0
125640,0
107158,0
136666,0
162697,0
149505,0
144756,0
142949,0
157973,1
112585,0
115835,0
130696,0
138579,0
145946,0
154536,0
162390,0
119476,0
140530,0
119479,1
111081,0
164690,0
113340,0
136895,0
115783,0
111753,0
120391,0
111556,0
110880,0
127855,0
124987,0
156885,0
136441,0
111718,0
111316,0
111425,0
150322,0
102947,0
136651,1
147141,0
115458,0
144134,0
135463,0
116137,0
163475,0
127715,0
141516,0
141857,0
157399,0
149012,1
129285,0
134694,0
124339,0
148231,0
107007,0
122907,0
112379,0
164471,0
107844,0
133929,0
139344,0
134712,0
131170,0
148038,0
125847,0
145408,0
147539,0
130854,0
165388,0
141253,0
165033,0
151109,1
119243,0
158957,0
130330,0
137851,0
139690,0
145447,0
118228,0
125536,0
103756,0
154806,1
114153,0
137633,0
125056,0
106073,0
106655,0
102553,0
123256,0
144289,1
121640,0
115142,0
141613,1
155509,1
154584,0
163560,0
148938,0
143416,0
146654,0
142449,0
109801,0
126795,0
119822,1
130744,0
146690,0
115435,0
158325,0
109699,0
145885,0
107738,0
132533,0
109794,0
133389,0
164843,0
119000,0
165658,0
162408,0
135785,0
151984,0
153215,0
165598,0
131631,0
140703,0
163672,0
148994,0
117126,0
165018,0
109548,0
140249,0
164458,0
113975,0
119397,0
164129,0
148398,1
153546,0
123885,0
122968,0
133120,0
126339,0
153942,0
162258,1
164101,0
141908,0
148067,0
113048,0
130199,0
119366,0
132927,0
136364,0
122269,0
130683,0
137268,0
124915,0
132740,0
130692,0
108146,0
132508,0
142103,0
150939,0
118712,0
151560,0
101726,0
112183,0
142947,0
146671,0
161180,0
100154,0
152842,0
145364,0
128959,0
119204,0
102970,0
157512,0
162964,0
159450,0
126458,0
145878,0
115920,0
115145,0
111202,0
161225,0
129445,0
114119,0
163279,0
158456,0
129280,0
106728,0
123036,0
145130,0
126432,0
105020,0
163090,0
147269,0
145775,0
126761,0
119459,0
119113,0
120651,0
124752,0
128606,0
105259,1
162700,0
153856,0
160448,0
114134,0
148522,0
137948,0
124715,0
122386,0
120345,0
111661,0
102076,0
145973,1
141487,0
103199,0
161554,0
103311,0
157519,0
134615,0
150522,0
154878,0
120046,0
102361,0
114225,0
152200,0
123400,0
104134,0
116805,0
151844,0
139223,0
115120,0
102766,0
106919,0
145090,0
112076,0
148074,0
120512,0
162043,0
141395,0
164356,0
127395,0
145651,0
120258,0
165274,0
154649,0
109197,0
133055,0
103706,0
136096,0
155381,1
139912,1
142557,0
110426,0
113770,0
129068,0
132792,0
119976,0
102279,1
133457,0
129095,0
156819,0
144975,0
132548,0
161729,0
117772,0
104955,0
124350,0
126441,0
125862,0
132422,0
157299,0
100644,0
140366,0
162453,0
138339,0
148794,0
133961,0
163298,0
155604,0
138927,0
133796,0
106327,0
162723,0
162380,0
121758,0
112866,0
142687,0
103745,0
101500,0
138759,0
115665,0
153635,1
103338,0
110722,0
131121,1
156872,0
115084,0
147725,1
145483,0
159988,0
147544,0
110875,0
143544,0
162636,0
115288,0
143298,1
150936,0
162123,0
123386,0
123884,0
155259,0
102302,0
149441,0
144047,0
132408,0
101598,0
127907,0
149303,0
150320,0
127551,1
101187,0
108984,0
114449,0
138180,0
158428,0
130607,0
161735,0
104011,0
158987,0
161204,0
152707,0
142937,0
101619,0
132649,0
118472,0
121117,0
114849,0
103038,0
155501,1
124528,0
155089,0
105002,0
101811,0
145782,0
109277,0
131985,0
159381,0
118248,1
164514,0
102507,0
124646,0
106185,0
115710,0
147480,1
103378,0
139561,0
157206,0
118395,0
159713,0
165030,1
142896,0
161614,0
121266,0
149203,0
150703,0
118994,1
155459,0
135441,0
132030,0
113085,0
120762,0
165635,0
142764,1
130915,0
151988,0
149009,0
110823,1
125401,0
136613,0
144311,0
108945,0
136974,1
161760,0
159021,0
160744,0
141264,0
101925,0
107465,1
150979,0
128712,0
114016,0
114278,0
150990,0
146424,0
112292,0
114677,0
150780,0
117829,1
160428,0
143842,0
161858,0
137439,0
151071,1
164707,0
118023,0
137609,1
123870,0
154522,0
103275,0
118384,0
100655,0
138653,0
108385,0
109780,0
108279,0
112351,0
163765,0
145786,0
156789,0
106241,1
143491,0
135648,1
154354,0
123209,0
104364,1
162172,0
155817,0
146319,0
158925,1
138576,1
106767,0
137749,0
130938,0
105327,0
136133,0
163583,0
123154,0
125597,0
133211,0
136345,0
146311,0
128196,0
146138,0
148581,0
153226,0
113305,0
116563,0
158663,0
138342,0
161616,0
129021,0
144509,0
164218,0
137574,0
104559,0
139447,0
158258,0
124314,0
155129,1
109161,0
163003,0
152999,0
106979,0
110477,0
132236,1
113341,0
126467,1
108720,0
143631,0
128670,0
129792,0
123602,0
113122,1
141584,0
100742,0
106475,0
135272,0
124473,0
154800,0
102212,0
156995,0
140219,0
152267,0
120835,0
153504,0
137507,0
103441,0
143940,0
134127,1
115467,0
136167,0
134122,0
149180,0
127833,0
118604,0
151420,0
118233,0
106949,0
153843,0
107500,0
150781,0
151017,0
141069,0
101491,0
143372,0
138700,0
131659,0
145187,0
121611,0
105060,0
146795,0
132809,0
100425,0
147455,0
139455,0
154493,0
155253,0
115235,0
115864,0
120489,1
156868,0
136123,0
111531,0
151381,0
130087,1
148238,0
117258,1
133411,0
128976,0
126863,0
140574,0
142281,0
109073,0
164965,0
109821,0
141626,0
131203,0
148489,0
108821,0
107307,0
129136,0
165494,0
116962,1
107474,0
100829,0
161005,0
111217,0
145794,0
108530,0
123411,1
165583,0
157981,0
